building_index;coefficient;units;climatic_zone;period;geometry;roof;opaqueS;opaqueW;opaqueN;opaqueE;transparentS;transparentW;transparentN;transparentE;floor
1;h_eli;W/m2K;A;<1975;SINGLE-FAMILY;2.292383564;2.529260053;2.529260053;2.529260053;2.529260053;36.34595196;36.34595196;36.34595196;36.34595196;2.224241706
1;C_int,eli;J/m2K;A;<1975;SINGLE-FAMILY;360000;514000;514000;514000;514000;0;0;0;0;938305
1;h_ci,eli;W/m2K;A;<1975;SINGLE-FAMILY;5;2.5;2.5;2.5;2.5;2.5;2.5;2.5;2.5;0.7
1;A_eli;m2;A;<1975;SINGLE-FAMILY;93.15;43.2;43.2;43.2;43.2;10.8;10.8;10.8;10.8;81
1;a_sol;-;A;<1975;SINGLE-FAMILY;0.6;0.6;0.6;0.6;0.6;0;0;0;0;0.6
1;fi_sky;W/m2K;A;<1975;SINGLE-FAMILY;45.54;22.77;22.77;22.77;22.77;22.77;22.77;22.77;22.77;0
1;A_win;m2;A;<1975;SINGLE-FAMILY;0;0;0;0;0;10.8;10.8;10.8;10.8;0
1;h_se,eli;W/m2K;A;<1975;SINGLE-FAMILY;24.14;24.14;24.14;24.14;24.14;24.14;24.14;24.14;24.14;999
2;h_eli;W/m2K;A;<1975;DOUBLE-FAMILY;2.292383564;2.529260053;2.529260053;2.529260053;2.529260053;36.34595196;36.34595196;36.34595196;36.34595196;2.224241706
2;C_int,eli;J/m2K;A;<1975;DOUBLE-FAMILY;360000;514000;514000;514000;514000;0;0;0;0;938305
2;h_ci,eli;W/m2K;A;<1975;DOUBLE-FAMILY;5;2.5;2.5;2.5;2.5;2.5;2.5;2.5;2.5;0.7
2;A_eli;m2;A;<1975;DOUBLE-FAMILY;139.15;52.8;52.8;52.8;52.8;13.2;13.2;13.2;13.2;121
2;a_sol;-;A;<1975;DOUBLE-FAMILY;0.6;0.6;0.6;0.6;0.6;0;0;0;0;0.6
2;fi_sky;W/m2K;A;<1975;DOUBLE-FAMILY;45.54;22.77;22.77;22.77;22.77;22.77;22.77;22.77;22.77;0
2;A_win;m2;A;<1975;DOUBLE-FAMILY;0;0;0;0;0;13.2;13.2;13.2;13.2;0
2;h_se,eli;W/m2K;A;<1975;DOUBLE-FAMILY;24.14;24.14;24.14;24.14;24.14;24.14;24.14;24.14;24.14;999
3;h_eli;W/m2K;A;<1975;MULTI-FAMILY;1.945977588;1.972926686;1.972926686;1.972926686;1.972926686;36.34595196;36.34595196;36.34595196;36.34595196;2.028705202
3;C_int,eli;J/m2K;A;<1975;MULTI-FAMILY;512000;658000;658000;658000;658000;0;0;0;0;1038305
3;h_ci,eli;W/m2K;A;<1975;MULTI-FAMILY;5;2.5;2.5;2.5;2.5;2.5;2.5;2.5;2.5;0.7
3;A_eli;m2;A;<1975;MULTI-FAMILY;184;172.8;96;172.8;96;43.2;24;43.2;24;160
3;a_sol;-;A;<1975;MULTI-FAMILY;0.6;0.6;0.6;0.6;0.6;0;0;0;0;0.6
3;fi_sky;W/m2K;A;<1975;MULTI-FAMILY;45.54;22.77;22.77;22.77;22.77;22.77;22.77;22.77;22.77;0
3;A_win;m2;A;<1975;MULTI-FAMILY;0;0;0;0;0;43.2;24;43.2;24;0
3;h_se,eli;W/m2K;A;<1975;MULTI-FAMILY;24.14;24.14;24.14;24.14;24.14;24.14;24.14;24.14;24.14;999
4;h_eli;W/m2K;A;<1975;APARTMENT-BLOCK;1.945977588;1.972926686;1.972926686;1.972926686;1.972926686;36.34595196;36.34595196;36.34595196;36.34595196;2.028705202
4;C_int,eli;J/m2K;A;<1975;APARTMENT-BLOCK;512000;658000;658000;658000;658000;0;0;0;0;1038305
4;h_ci,eli;W/m2K;A;<1975;APARTMENT-BLOCK;5;2.5;2.5;2.5;2.5;2.5;2.5;2.5;2.5;0.7
4;A_eli;m2;A;<1975;APARTMENT-BLOCK;276;403.2;144;403.2;144;100.8;36;100.8;36;240
4;a_sol;-;A;<1975;APARTMENT-BLOCK;0.6;0.6;0.6;0.6;0.6;0;0;0;0;0.6
4;fi_sky;W/m2K;A;<1975;APARTMENT-BLOCK;45.54;22.77;22.77;22.77;22.77;22.77;22.77;22.77;22.77;0
4;A_win;m2;A;<1975;APARTMENT-BLOCK;0;0;0;0;0;100.8;36;100.8;36;0
4;h_se,eli;W/m2K;A;<1975;APARTMENT-BLOCK;24.14;24.14;24.14;24.14;24.14;24.14;24.14;24.14;24.14;999
5;h_eli;W/m2K;A;1976-1990;SINGLE-FAMILY;1.827674028;1.353014446;1.353014446;1.353014446;1.353014446;36.34595196;36.34595196;36.34595196;36.34595196;1.594399301
5;C_int,eli;J/m2K;A;1976-1990;SINGLE-FAMILY;360183;248000;248000;248000;248000;0;0;0;0;938597.8
5;h_ci,eli;W/m2K;A;1976-1990;SINGLE-FAMILY;5;2.5;2.5;2.5;2.5;2.5;2.5;2.5;2.5;0.7
5;A_eli;m2;A;1976-1990;SINGLE-FAMILY;93.15;39.42;39.42;39.42;39.42;14.58;14.58;14.58;14.58;81
5;a_sol;-;A;1976-1990;SINGLE-FAMILY;0.6;0.6;0.6;0.6;0.6;0;0;0;0;0.6
5;fi_sky;W/m2K;A;1976-1990;SINGLE-FAMILY;45.54;22.77;22.77;22.77;22.77;22.77;22.77;22.77;22.77;0
5;A_win;m2;A;1976-1990;SINGLE-FAMILY;0;0;0;0;0;14.58;14.58;14.58;14.58;0
5;h_se,eli;W/m2K;A;1976-1990;SINGLE-FAMILY;24.14;24.14;24.14;24.14;24.14;24.14;24.14;24.14;24.14;999
6;h_eli;W/m2K;A;1976-1990;DOUBLE-FAMILY;1.827674028;1.353014446;1.353014446;1.353014446;1.353014446;36.34595196;36.34595196;36.34595196;36.34595196;1.594399301
6;C_int,eli;J/m2K;A;1976-1990;DOUBLE-FAMILY;360183;248000;248000;248000;248000;0;0;0;0;938597.8
6;h_ci,eli;W/m2K;A;1976-1990;DOUBLE-FAMILY;5;2.5;2.5;2.5;2.5;2.5;2.5;2.5;2.5;0.7
6;A_eli;m2;A;1976-1990;DOUBLE-FAMILY;139.15;48.18;48.18;48.18;48.18;17.82;17.82;17.82;17.82;121
6;a_sol;-;A;1976-1990;DOUBLE-FAMILY;0.6;0.6;0.6;0.6;0.6;0;0;0;0;0.6
6;fi_sky;W/m2K;A;1976-1990;DOUBLE-FAMILY;45.54;22.77;22.77;22.77;22.77;22.77;22.77;22.77;22.77;0
6;A_win;m2;A;1976-1990;DOUBLE-FAMILY;0;0;0;0;0;17.82;17.82;17.82;17.82;0
6;h_se,eli;W/m2K;A;1976-1990;DOUBLE-FAMILY;24.14;24.14;24.14;24.14;24.14;24.14;24.14;24.14;24.14;999
7;h_eli;W/m2K;A;1976-1990;MULTI-FAMILY;1.827674028;1.353014446;1.353014446;1.353014446;1.353014446;36.34595196;36.34595196;36.34595196;36.34595196;1.488884582
7;C_int,eli;J/m2K;A;1976-1990;MULTI-FAMILY;360183;248000;248000;248000;248000;0;0;0;0;938671
7;h_ci,eli;W/m2K;A;1976-1990;MULTI-FAMILY;5;2.5;2.5;2.5;2.5;2.5;2.5;2.5;2.5;0.7
7;A_eli;m2;A;1976-1990;MULTI-FAMILY;184;157.68;87.6;157.68;87.6;58.32;32.4;58.32;32.4;160
7;a_sol;-;A;1976-1990;MULTI-FAMILY;0.6;0.6;0.6;0.6;0.6;0;0;0;0;0.6
7;fi_sky;W/m2K;A;1976-1990;MULTI-FAMILY;45.54;22.77;22.77;22.77;22.77;22.77;22.77;22.77;22.77;0
7;A_win;m2;A;1976-1990;MULTI-FAMILY;0;0;0;0;0;58.32;32.4;58.32;32.4;0
7;h_se,eli;W/m2K;A;1976-1990;MULTI-FAMILY;24.14;24.14;24.14;24.14;24.14;24.14;24.14;24.14;24.14;999
8;h_eli;W/m2K;A;1976-1990;APARTMENT-BLOCK;1.827674028;1.353014446;1.353014446;1.353014446;1.353014446;36.34595196;36.34595196;36.34595196;36.34595196;1.488884582
8;C_int,eli;J/m2K;A;1976-1990;APARTMENT-BLOCK;360183;248000;248000;248000;248000;0;0;0;0;938671
8;h_ci,eli;W/m2K;A;1976-1990;APARTMENT-BLOCK;5;2.5;2.5;2.5;2.5;2.5;2.5;2.5;2.5;0.7
8;A_eli;m2;A;1976-1990;APARTMENT-BLOCK;276;367.92;131.4;367.92;131.4;136.08;48.6;136.08;48.6;240
8;a_sol;-;A;1976-1990;APARTMENT-BLOCK;0.6;0.6;0.6;0.6;0.6;0;0;0;0;0.6
8;fi_sky;W/m2K;A;1976-1990;APARTMENT-BLOCK;45.54;22.77;22.77;22.77;22.77;22.77;22.77;22.77;22.77;0
8;A_win;m2;A;1976-1990;APARTMENT-BLOCK;0;0;0;0;0;136.08;48.6;136.08;48.6;0
8;h_se,eli;W/m2K;A;1976-1990;APARTMENT-BLOCK;24.14;24.14;24.14;24.14;24.14;24.14;24.14;24.14;24.14;999
9;h_eli;W/m2K;A;1991-2005;SINGLE-FAMILY;1.299078532;0.758825321;0.758825321;0.758825321;0.758825321;36.34595196;36.34595196;36.34595196;36.34595196;1.476298366
9;C_int,eli;J/m2K;A;1991-2005;SINGLE-FAMILY;360549;328030.625;328030.625;328030.625;328030.625;0;0;0;0;518597.8
9;h_ci,eli;W/m2K;A;1991-2005;SINGLE-FAMILY;5;2.5;2.5;2.5;2.5;2.5;2.5;2.5;2.5;0.7
9;A_eli;m2;A;1991-2005;SINGLE-FAMILY;93.15;39.42;39.42;39.42;39.42;14.58;14.58;14.58;14.58;81
9;a_sol;-;A;1991-2005;SINGLE-FAMILY;0.6;0.6;0.6;0.6;0.6;0;0;0;0;0.6
9;fi_sky;W/m2K;A;1991-2005;SINGLE-FAMILY;45.54;22.77;22.77;22.77;22.77;22.77;22.77;22.77;22.77;0
9;A_win;m2;A;1991-2005;SINGLE-FAMILY;0;0;0;0;0;14.58;14.58;14.58;14.58;0
9;h_se,eli;W/m2K;A;1991-2005;SINGLE-FAMILY;24.14;24.14;24.14;24.14;24.14;24.14;24.14;24.14;24.14;999
10;h_eli;W/m2K;A;1991-2005;DOUBLE-FAMILY;1.299078532;0.758825321;0.758825321;0.758825321;0.758825321;36.34595196;36.34595196;36.34595196;36.34595196;1.476298366
10;C_int,eli;J/m2K;A;1991-2005;DOUBLE-FAMILY;360549;328030.625;328030.625;328030.625;328030.625;0;0;0;0;518597.8
10;h_ci,eli;W/m2K;A;1991-2005;DOUBLE-FAMILY;5;2.5;2.5;2.5;2.5;2.5;2.5;2.5;2.5;0.7
10;A_eli;m2;A;1991-2005;DOUBLE-FAMILY;139.15;48.18;48.18;48.18;48.18;17.82;17.82;17.82;17.82;121
10;a_sol;-;A;1991-2005;DOUBLE-FAMILY;0.6;0.6;0.6;0.6;0.6;0;0;0;0;0.6
10;fi_sky;W/m2K;A;1991-2005;DOUBLE-FAMILY;45.54;22.77;22.77;22.77;22.77;22.77;22.77;22.77;22.77;0
10;A_win;m2;A;1991-2005;DOUBLE-FAMILY;0;0;0;0;0;17.82;17.82;17.82;17.82;0
10;h_se,eli;W/m2K;A;1991-2005;DOUBLE-FAMILY;24.14;24.14;24.14;24.14;24.14;24.14;24.14;24.14;24.14;999
11;h_eli;W/m2K;A;1991-2005;MULTI-FAMILY;1.136019656;0.758825321;0.758825321;0.758825321;0.758825321;36.34595196;36.34595196;36.34595196;36.34595196;1.386326964
11;C_int,eli;J/m2K;A;1991-2005;MULTI-FAMILY;360732;328030.625;328030.625;328030.625;328030.625;0;0;0;0;518671
11;h_ci,eli;W/m2K;A;1991-2005;MULTI-FAMILY;5;2.5;2.5;2.5;2.5;2.5;2.5;2.5;2.5;0.7
11;A_eli;m2;A;1991-2005;MULTI-FAMILY;184;157.68;87.6;157.68;87.6;58.32;32.4;58.32;32.4;160
11;a_sol;-;A;1991-2005;MULTI-FAMILY;0.6;0.6;0.6;0.6;0.6;0;0;0;0;0.6
11;fi_sky;W/m2K;A;1991-2005;MULTI-FAMILY;45.54;22.77;22.77;22.77;22.77;22.77;22.77;22.77;22.77;0
11;A_win;m2;A;1991-2005;MULTI-FAMILY;0;0;0;0;0;58.32;32.4;58.32;32.4;0
11;h_se,eli;W/m2K;A;1991-2005;MULTI-FAMILY;24.14;24.14;24.14;24.14;24.14;24.14;24.14;24.14;24.14;999
12;h_eli;W/m2K;A;1991-2005;APARTMENT-BLOCK;1.136019656;0.758825321;0.758825321;0.758825321;0.758825321;36.34595196;36.34595196;36.34595196;36.34595196;1.386326964
12;C_int,eli;J/m2K;A;1991-2005;APARTMENT-BLOCK;360732;328030.625;328030.625;328030.625;328030.625;0;0;0;0;518671
12;h_ci,eli;W/m2K;A;1991-2005;APARTMENT-BLOCK;5;2.5;2.5;2.5;2.5;2.5;2.5;2.5;2.5;0.7
12;A_eli;m3;A;1991-2005;APARTMENT-BLOCK;276;367.92;131.4;367.92;131.4;136.08;48.6;136.08;48.6;240
12;a_sol;-;A;1991-2005;APARTMENT-BLOCK;0.6;0.6;0.6;0.6;0.6;0;0;0;0;0.6
12;fi_sky;W/m2K;A;1991-2005;APARTMENT-BLOCK;45.54;22.77;22.77;22.77;22.77;22.77;22.77;22.77;22.77;0
12;A_win;m3;A;1991-2005;APARTMENT-BLOCK;0;0;0;0;0;136.08;48.6;136.08;48.6;0
12;h_se,eli;W/m2K;A;1991-2005;APARTMENT-BLOCK;24.14;24.14;24.14;24.14;24.14;24.14;24.14;24.14;24.14;999
13;h_eli;W/m2K;A;2006-2011;SINGLE-FAMILY;0.403606736;0.663048346;0.663048346;0.663048346;0.663048346;12.90099846;12.90099846;12.90099846;12.90099846;0.69378119
13;C_int,eli;J/m2K;A;2006-2011;SINGLE-FAMILY;435294;344402;344402;344402;344402;0;0;0;0;859586
13;h_ci,eli;W/m2K;A;2006-2011;SINGLE-FAMILY;5;2.5;2.5;2.5;2.5;2.5;2.5;2.5;2.5;0.7
13;A_eli;m4;A;2006-2011;SINGLE-FAMILY;93.15;39.42;39.42;39.42;39.42;14.58;14.58;14.58;14.58;81
13;a_sol;-;A;2006-2011;SINGLE-FAMILY;0.6;0.6;0.6;0.6;0.6;0;0;0;0;0.6
13;fi_sky;W/m2K;A;2006-2011;SINGLE-FAMILY;45.54;22.77;22.77;22.77;22.77;22.77;22.77;22.77;22.77;0
13;A_win;m4;A;2006-2011;SINGLE-FAMILY;0;0;0;0;0;14.58;14.58;14.58;14.58;0
13;h_se,eli;W/m2K;A;2006-2011;SINGLE-FAMILY;24.14;24.14;24.14;24.14;24.14;24.14;24.14;24.14;24.14;999
14;h_eli;W/m2K;A;2006-2011;DOUBLE-FAMILY;0.403606736;0.663048346;0.663048346;0.663048346;0.663048346;12.90099846;12.90099846;12.90099846;12.90099846;0.69378119
14;C_int,eli;J/m2K;A;2006-2011;DOUBLE-FAMILY;435294;344402;344402;344402;344402;0;0;0;0;859586
14;h_ci,eli;W/m2K;A;2006-2011;DOUBLE-FAMILY;5;2.5;2.5;2.5;2.5;2.5;2.5;2.5;2.5;0.7
14;A_eli;m5;A;2006-2011;DOUBLE-FAMILY;139.15;48.18;48.18;48.18;48.18;17.82;17.82;17.82;17.82;121
14;a_sol;-;A;2006-2011;DOUBLE-FAMILY;0.6;0.6;0.6;0.6;0.6;0;0;0;0;0.6
14;fi_sky;W/m2K;A;2006-2011;DOUBLE-FAMILY;45.54;22.77;22.77;22.77;22.77;22.77;22.77;22.77;22.77;0
14;A_win;m5;A;2006-2011;DOUBLE-FAMILY;0;0;0;0;0;17.82;17.82;17.82;17.82;0
14;h_se,eli;W/m2K;A;2006-2011;DOUBLE-FAMILY;24.14;24.14;24.14;24.14;24.14;24.14;24.14;24.14;24.14;999
15;h_eli;W/m2K;A;2006-2011;MULTI-FAMILY;0.403606736;0.663048346;0.663048346;0.663048346;0.663048346;12.90099846;12.90099846;12.90099846;12.90099846;0.69378119
15;C_int,eli;J/m2K;A;2006-2011;MULTI-FAMILY;435294;344402;344402;344402;344402;0;0;0;0;859586
15;h_ci,eli;W/m2K;A;2006-2011;MULTI-FAMILY;5;2.5;2.5;2.5;2.5;2.5;2.5;2.5;2.5;0.7
15;A_eli;m6;A;2006-2011;MULTI-FAMILY;184;157.68;87.6;157.68;87.6;58.32;32.4;58.32;32.4;160
15;a_sol;-;A;2006-2011;MULTI-FAMILY;0.6;0.6;0.6;0.6;0.6;0;0;0;0;0.6
15;fi_sky;W/m2K;A;2006-2011;MULTI-FAMILY;45.54;22.77;22.77;22.77;22.77;22.77;22.77;22.77;22.77;0
15;A_win;m6;A;2006-2011;MULTI-FAMILY;0;0;0;0;0;58.32;32.4;58.32;32.4;0
15;h_se,eli;W/m2K;A;2006-2011;MULTI-FAMILY;24.14;24.14;24.14;24.14;24.14;24.14;24.14;24.14;24.14;999
16;h_eli;W/m2K;A;2006-2011;APARTMENT-BLOCK;0.403606736;0.663048346;0.663048346;0.663048346;0.663048346;12.90099846;12.90099846;12.90099846;12.90099846;0.69378119
16;C_int,eli;J/m2K;A;2006-2011;APARTMENT-BLOCK;435294;344402;344402;344402;344402;0;0;0;0;859586
16;h_ci,eli;W/m2K;A;2006-2011;APARTMENT-BLOCK;5;2.5;2.5;2.5;2.5;2.5;2.5;2.5;2.5;0.7
16;A_eli;m7;A;2006-2011;APARTMENT-BLOCK;276;367.92;131.4;367.92;131.4;136.08;48.6;136.08;48.6;240
16;a_sol;-;A;2006-2011;APARTMENT-BLOCK;0.6;0.6;0.6;0.6;0.6;0;0;0;0;0.6
16;fi_sky;W/m2K;A;2006-2011;APARTMENT-BLOCK;45.54;22.77;22.77;22.77;22.77;22.77;22.77;22.77;22.77;0
16;A_win;m7;A;2006-2011;APARTMENT-BLOCK;0;0;0;0;0;136.08;48.6;136.08;48.6;0
16;h_se,eli;W/m2K;A;2006-2011;APARTMENT-BLOCK;24.14;24.14;24.14;24.14;24.14;24.14;24.14;24.14;24.14;999
17;h_eli;W/m2K;A;NZEB;SINGLE-FAMILY;0.368052843;0.464447739;0.464447739;0.464447739;0.464447739;6.217099356;6.217099356;6.217099356;6.217099356;0.475918367
17;C_int,eli;J/m2K;A;NZEB;SINGLE-FAMILY;435294;344402;344402;344402;344402;0;0;0;0;859586
17;h_ci,eli;W/m2K;A;NZEB;SINGLE-FAMILY;5;2.5;2.5;2.5;2.5;2.5;2.5;2.5;2.5;0.7
17;A_eli;m8;A;NZEB;SINGLE-FAMILY;93.15;39.42;39.42;39.42;39.42;14.58;14.58;14.58;14.58;81
17;a_sol;-;A;NZEB;SINGLE-FAMILY;0.6;0.6;0.6;0.6;0.6;0;0;0;0;0.6
17;fi_sky;W/m2K;A;NZEB;SINGLE-FAMILY;45.54;22.77;22.77;22.77;22.77;22.77;22.77;22.77;22.77;0
17;A_win;m8;A;NZEB;SINGLE-FAMILY;0;0;0;0;0;14.58;14.58;14.58;14.58;0
17;h_se,eli;W/m2K;A;NZEB;SINGLE-FAMILY;24.14;24.14;24.14;24.14;24.14;24.14;24.14;24.14;24.14;999
18;h_eli;W/m2K;A;NZEB;DOUBLE-FAMILY;0.368052843;0.464447739;0.464447739;0.464447739;0.464447739;6.217099356;6.217099356;6.217099356;6.217099356;0.475918367
18;C_int,eli;J/m2K;A;NZEB;DOUBLE-FAMILY;435294;344402;344402;344402;344402;0;0;0;0;859586
18;h_ci,eli;W/m2K;A;NZEB;DOUBLE-FAMILY;5;2.5;2.5;2.5;2.5;2.5;2.5;2.5;2.5;0.7
18;A_eli;m9;A;NZEB;DOUBLE-FAMILY;139.15;48.18;48.18;48.18;48.18;17.82;17.82;17.82;17.82;121
18;a_sol;-;A;NZEB;DOUBLE-FAMILY;0.6;0.6;0.6;0.6;0.6;0;0;0;0;0.6
18;fi_sky;W/m2K;A;NZEB;DOUBLE-FAMILY;45.54;22.77;22.77;22.77;22.77;22.77;22.77;22.77;22.77;0
18;A_win;m9;A;NZEB;DOUBLE-FAMILY;0;0;0;0;0;17.82;17.82;17.82;17.82;0
18;h_se,eli;W/m2K;A;NZEB;DOUBLE-FAMILY;24.14;24.14;24.14;24.14;24.14;24.14;24.14;24.14;24.14;999
19;h_eli;W/m2K;A;NZEB;MULTI-FAMILY;0.368052843;0.464447739;0.464447739;0.464447739;0.464447739;6.217099356;6.217099356;6.217099356;6.217099356;0.475918367
19;C_int,eli;J/m2K;A;NZEB;MULTI-FAMILY;435294;344402;344402;344402;344402;0;0;0;0;859586
19;h_ci,eli;W/m2K;A;NZEB;MULTI-FAMILY;5;2.5;2.5;2.5;2.5;2.5;2.5;2.5;2.5;0.7
19;A_eli;m10;A;NZEB;MULTI-FAMILY;184;157.68;87.6;157.68;87.6;58.32;32.4;58.32;32.4;160
19;a_sol;-;A;NZEB;MULTI-FAMILY;0.6;0.6;0.6;0.6;0.6;0;0;0;0;0.6
19;fi_sky;W/m2K;A;NZEB;MULTI-FAMILY;45.54;22.77;22.77;22.77;22.77;22.77;22.77;22.77;22.77;0
19;A_win;m10;A;NZEB;MULTI-FAMILY;0;0;0;0;0;58.32;32.4;58.32;32.4;0
19;h_se,eli;W/m2K;A;NZEB;MULTI-FAMILY;24.14;24.14;24.14;24.14;24.14;24.14;24.14;24.14;24.14;999
20;h_eli;W/m2K;A;NZEB;APARTMENT-BLOCK;0.368052843;0.464447739;0.464447739;0.464447739;0.464447739;6.217099356;6.217099356;6.217099356;6.217099356;0.475918367
20;C_int,eli;J/m2K;A;NZEB;APARTMENT-BLOCK;435294;344402;344402;344402;344402;0;0;0;0;859586
20;h_ci,eli;W/m2K;A;NZEB;APARTMENT-BLOCK;5;2.5;2.5;2.5;2.5;2.5;2.5;2.5;2.5;0.7
20;A_eli;m11;A;NZEB;APARTMENT-BLOCK;276;367.92;131.4;367.92;131.4;136.08;48.6;136.08;48.6;240
20;a_sol;-;A;NZEB;APARTMENT-BLOCK;0.6;0.6;0.6;0.6;0.6;0;0;0;0;0.6
20;fi_sky;W/m2K;A;NZEB;APARTMENT-BLOCK;45.54;22.77;22.77;22.77;22.77;22.77;22.77;22.77;22.77;0
20;A_win;m11;A;NZEB;APARTMENT-BLOCK;0;0;0;0;0;136.08;48.6;136.08;48.6;0
20;h_se,eli;W/m2K;A;NZEB;APARTMENT-BLOCK;24.14;24.14;24.14;24.14;24.14;24.14;24.14;24.14;24.14;999
21;h_eli;W/m2K;B;<1975;SINGLE-FAMILY;2.292383564;2.529260053;2.529260053;2.529260053;2.529260053;36.34595196;36.34595196;36.34595196;36.34595196;2.224241706
21;C_int,eli;J/m2K;B;<1975;SINGLE-FAMILY;360000;514000;514000;514000;514000;0;0;0;0;938305
21;h_ci,eli;W/m2K;B;<1975;SINGLE-FAMILY;5;2.5;2.5;2.5;2.5;2.5;2.5;2.5;2.5;0.7
21;A_eli;m12;B;<1975;SINGLE-FAMILY;93.15;43.2;43.2;43.2;43.2;10.8;10.8;10.8;10.8;81
21;a_sol;-;B;<1975;SINGLE-FAMILY;0.6;0.6;0.6;0.6;0.6;0;0;0;0;0.6
21;fi_sky;W/m2K;B;<1975;SINGLE-FAMILY;45.54;22.77;22.77;22.77;22.77;22.77;22.77;22.77;22.77;0
21;A_win;m12;B;<1975;SINGLE-FAMILY;0;0;0;0;0;10.8;10.8;10.8;10.8;0
21;h_se,eli;W/m2K;B;<1975;SINGLE-FAMILY;24.14;24.14;24.14;24.14;24.14;24.14;24.14;24.14;24.14;999
22;h_eli;W/m2K;B;<1975;DOUBLE-FAMILY;2.292383564;2.529260053;2.529260053;2.529260053;2.529260053;36.34595196;36.34595196;36.34595196;36.34595196;2.224241706
22;C_int,eli;J/m2K;B;<1975;DOUBLE-FAMILY;360000;514000;514000;514000;514000;0;0;0;0;938305
22;h_ci,eli;W/m2K;B;<1975;DOUBLE-FAMILY;5;2.5;2.5;2.5;2.5;2.5;2.5;2.5;2.5;0.7
22;A_eli;m13;B;<1975;DOUBLE-FAMILY;139.15;52.8;52.8;52.8;52.8;13.2;13.2;13.2;13.2;121
22;a_sol;-;B;<1975;DOUBLE-FAMILY;0.6;0.6;0.6;0.6;0.6;0;0;0;0;0.6
22;fi_sky;W/m2K;B;<1975;DOUBLE-FAMILY;45.54;22.77;22.77;22.77;22.77;22.77;22.77;22.77;22.77;0
22;A_win;m13;B;<1975;DOUBLE-FAMILY;0;0;0;0;0;13.2;13.2;13.2;13.2;0
22;h_se,eli;W/m2K;B;<1975;DOUBLE-FAMILY;24.14;24.14;24.14;24.14;24.14;24.14;24.14;24.14;24.14;999
23;h_eli;W/m2K;B;<1975;MULTI-FAMILY;1.945977588;1.972926686;1.972926686;1.972926686;1.972926686;36.34595196;36.34595196;36.34595196;36.34595196;2.028705202
23;C_int,eli;J/m2K;B;<1975;MULTI-FAMILY;512000;658000;658000;658000;658000;0;0;0;0;1038305
23;h_ci,eli;W/m2K;B;<1975;MULTI-FAMILY;5;2.5;2.5;2.5;2.5;2.5;2.5;2.5;2.5;0.7
23;A_eli;m14;B;<1975;MULTI-FAMILY;184;172.8;96;172.8;96;43.2;24;43.2;24;160
23;a_sol;-;B;<1975;MULTI-FAMILY;0.6;0.6;0.6;0.6;0.6;0;0;0;0;0.6
23;fi_sky;W/m2K;B;<1975;MULTI-FAMILY;45.54;22.77;22.77;22.77;22.77;22.77;22.77;22.77;22.77;0
23;A_win;m14;B;<1975;MULTI-FAMILY;0;0;0;0;0;43.2;24;43.2;24;0
23;h_se,eli;W/m2K;B;<1975;MULTI-FAMILY;24.14;24.14;24.14;24.14;24.14;24.14;24.14;24.14;24.14;999
24;h_eli;W/m2K;B;<1975;APARTMENT-BLOCK;1.945977588;1.972926686;1.972926686;1.972926686;1.972926686;36.34595196;36.34595196;36.34595196;36.34595196;2.028705202
24;C_int,eli;J/m2K;B;<1975;APARTMENT-BLOCK;512000;658000;658000;658000;658000;0;0;0;0;1038305
24;h_ci,eli;W/m2K;B;<1975;APARTMENT-BLOCK;5;2.5;2.5;2.5;2.5;2.5;2.5;2.5;2.5;0.7
24;A_eli;m15;B;<1975;APARTMENT-BLOCK;276;403.2;144;403.2;144;100.8;36;100.8;36;240
24;a_sol;-;B;<1975;APARTMENT-BLOCK;0.6;0.6;0.6;0.6;0.6;0;0;0;0;0.6
24;fi_sky;W/m2K;B;<1975;APARTMENT-BLOCK;45.54;22.77;22.77;22.77;22.77;22.77;22.77;22.77;22.77;0
24;A_win;m15;B;<1975;APARTMENT-BLOCK;0;0;0;0;0;100.8;36;100.8;36;0
24;h_se,eli;W/m2K;B;<1975;APARTMENT-BLOCK;24.14;24.14;24.14;24.14;24.14;24.14;24.14;24.14;24.14;999
25;h_eli;W/m2K;B;1976-1990;SINGLE-FAMILY;1.827674028;1.353014446;1.353014446;1.353014446;1.353014446;36.34595196;36.34595196;36.34595196;36.34595196;1.594399301
25;C_int,eli;J/m2K;B;1976-1990;SINGLE-FAMILY;360183;248000;248000;248000;248000;0;0;0;0;938597.8
25;h_ci,eli;W/m2K;B;1976-1990;SINGLE-FAMILY;5;2.5;2.5;2.5;2.5;2.5;2.5;2.5;2.5;0.7
25;A_eli;m16;B;1976-1990;SINGLE-FAMILY;93.15;39.42;39.42;39.42;39.42;14.58;14.58;14.58;14.58;81
25;a_sol;-;B;1976-1990;SINGLE-FAMILY;0.6;0.6;0.6;0.6;0.6;0;0;0;0;0.6
25;fi_sky;W/m2K;B;1976-1990;SINGLE-FAMILY;45.54;22.77;22.77;22.77;22.77;22.77;22.77;22.77;22.77;0
25;A_win;m16;B;1976-1990;SINGLE-FAMILY;0;0;0;0;0;14.58;14.58;14.58;14.58;0
25;h_se,eli;W/m2K;B;1976-1990;SINGLE-FAMILY;24.14;24.14;24.14;24.14;24.14;24.14;24.14;24.14;24.14;999
26;h_eli;W/m2K;B;1976-1990;DOUBLE-FAMILY;1.827674028;1.353014446;1.353014446;1.353014446;1.353014446;36.34595196;36.34595196;36.34595196;36.34595196;1.594399301
26;C_int,eli;J/m2K;B;1976-1990;DOUBLE-FAMILY;360183;248000;248000;248000;248000;0;0;0;0;938597.8
26;h_ci,eli;W/m2K;B;1976-1990;DOUBLE-FAMILY;5;2.5;2.5;2.5;2.5;2.5;2.5;2.5;2.5;0.7
26;A_eli;m17;B;1976-1990;DOUBLE-FAMILY;139.15;48.18;48.18;48.18;48.18;17.82;17.82;17.82;17.82;121
26;a_sol;-;B;1976-1990;DOUBLE-FAMILY;0.6;0.6;0.6;0.6;0.6;0;0;0;0;0.6
26;fi_sky;W/m2K;B;1976-1990;DOUBLE-FAMILY;45.54;22.77;22.77;22.77;22.77;22.77;22.77;22.77;22.77;0
26;A_win;m17;B;1976-1990;DOUBLE-FAMILY;0;0;0;0;0;17.82;17.82;17.82;17.82;0
26;h_se,eli;W/m2K;B;1976-1990;DOUBLE-FAMILY;24.14;24.14;24.14;24.14;24.14;24.14;24.14;24.14;24.14;999
27;h_eli;W/m2K;B;1976-1990;MULTI-FAMILY;1.827674028;1.353014446;1.353014446;1.353014446;1.353014446;36.34595196;36.34595196;36.34595196;36.34595196;1.488884582
27;C_int,eli;J/m2K;B;1976-1990;MULTI-FAMILY;360183;248000;248000;248000;248000;0;0;0;0;938671
27;h_ci,eli;W/m2K;B;1976-1990;MULTI-FAMILY;5;2.5;2.5;2.5;2.5;2.5;2.5;2.5;2.5;0.7
27;A_eli;m18;B;1976-1990;MULTI-FAMILY;184;157.68;87.6;157.68;87.6;58.32;32.4;58.32;32.4;160
27;a_sol;-;B;1976-1990;MULTI-FAMILY;0.6;0.6;0.6;0.6;0.6;0;0;0;0;0.6
27;fi_sky;W/m2K;B;1976-1990;MULTI-FAMILY;45.54;22.77;22.77;22.77;22.77;22.77;22.77;22.77;22.77;0
27;A_win;m18;B;1976-1990;MULTI-FAMILY;0;0;0;0;0;58.32;32.4;58.32;32.4;0
27;h_se,eli;W/m2K;B;1976-1990;MULTI-FAMILY;24.14;24.14;24.14;24.14;24.14;24.14;24.14;24.14;24.14;999
28;h_eli;W/m2K;B;1976-1990;APARTMENT-BLOCK;1.827674028;1.353014446;1.353014446;1.353014446;1.353014446;36.34595196;36.34595196;36.34595196;36.34595196;1.488884582
28;C_int,eli;J/m2K;B;1976-1990;APARTMENT-BLOCK;360183;248000;248000;248000;248000;0;0;0;0;938671
28;h_ci,eli;W/m2K;B;1976-1990;APARTMENT-BLOCK;5;2.5;2.5;2.5;2.5;2.5;2.5;2.5;2.5;0.7
28;A_eli;m19;B;1976-1990;APARTMENT-BLOCK;276;367.92;131.4;367.92;131.4;136.08;48.6;136.08;48.6;240
28;a_sol;-;B;1976-1990;APARTMENT-BLOCK;0.6;0.6;0.6;0.6;0.6;0;0;0;0;0.6
28;fi_sky;W/m2K;B;1976-1990;APARTMENT-BLOCK;45.54;22.77;22.77;22.77;22.77;22.77;22.77;22.77;22.77;0
28;A_win;m19;B;1976-1990;APARTMENT-BLOCK;0;0;0;0;0;136.08;48.6;136.08;48.6;0
28;h_se,eli;W/m2K;B;1976-1990;APARTMENT-BLOCK;24.14;24.14;24.14;24.14;24.14;24.14;24.14;24.14;24.14;999
29;h_eli;W/m2K;B;1991-2005;SINGLE-FAMILY;1.299078532;0.758825321;0.758825321;0.758825321;0.758825321;36.34595196;36.34595196;36.34595196;36.34595196;1.476298366
29;C_int,eli;J/m2K;B;1991-2005;SINGLE-FAMILY;360549;328030.625;328030.625;328030.625;328030.625;0;0;0;0;518597.8
29;h_ci,eli;W/m2K;B;1991-2005;SINGLE-FAMILY;5;2.5;2.5;2.5;2.5;2.5;2.5;2.5;2.5;0.7
29;A_eli;m20;B;1991-2005;SINGLE-FAMILY;93.15;39.42;39.42;39.42;39.42;14.58;14.58;14.58;14.58;81
29;a_sol;-;B;1991-2005;SINGLE-FAMILY;0.6;0.6;0.6;0.6;0.6;0;0;0;0;0.6
29;fi_sky;W/m2K;B;1991-2005;SINGLE-FAMILY;45.54;22.77;22.77;22.77;22.77;22.77;22.77;22.77;22.77;0
29;A_win;m20;B;1991-2005;SINGLE-FAMILY;0;0;0;0;0;14.58;14.58;14.58;14.58;0
29;h_se,eli;W/m2K;B;1991-2005;SINGLE-FAMILY;24.14;24.14;24.14;24.14;24.14;24.14;24.14;24.14;24.14;999
30;h_eli;W/m2K;B;1991-2005;DOUBLE-FAMILY;1.299078532;0.758825321;0.758825321;0.758825321;0.758825321;36.34595196;36.34595196;36.34595196;36.34595196;1.476298366
30;C_int,eli;J/m2K;B;1991-2005;DOUBLE-FAMILY;360549;328030.625;328030.625;328030.625;328030.625;0;0;0;0;518597.8
30;h_ci,eli;W/m2K;B;1991-2005;DOUBLE-FAMILY;5;2.5;2.5;2.5;2.5;2.5;2.5;2.5;2.5;0.7
30;A_eli;m21;B;1991-2005;DOUBLE-FAMILY;139.15;48.18;48.18;48.18;48.18;17.82;17.82;17.82;17.82;121
30;a_sol;-;B;1991-2005;DOUBLE-FAMILY;0.6;0.6;0.6;0.6;0.6;0;0;0;0;0.6
30;fi_sky;W/m2K;B;1991-2005;DOUBLE-FAMILY;45.54;22.77;22.77;22.77;22.77;22.77;22.77;22.77;22.77;0
30;A_win;m21;B;1991-2005;DOUBLE-FAMILY;0;0;0;0;0;17.82;17.82;17.82;17.82;0
30;h_se,eli;W/m2K;B;1991-2005;DOUBLE-FAMILY;24.14;24.14;24.14;24.14;24.14;24.14;24.14;24.14;24.14;999
31;h_eli;W/m2K;B;1991-2005;MULTI-FAMILY;1.136019656;0.758825321;0.758825321;0.758825321;0.758825321;36.34595196;36.34595196;36.34595196;36.34595196;1.386326964
31;C_int,eli;J/m2K;B;1991-2005;MULTI-FAMILY;360732;328030.625;328030.625;328030.625;328030.625;0;0;0;0;518671
31;h_ci,eli;W/m2K;B;1991-2005;MULTI-FAMILY;5;2.5;2.5;2.5;2.5;2.5;2.5;2.5;2.5;0.7
31;A_eli;m22;B;1991-2005;MULTI-FAMILY;184;157.68;87.6;157.68;87.6;58.32;32.4;58.32;32.4;160
31;a_sol;-;B;1991-2005;MULTI-FAMILY;0.6;0.6;0.6;0.6;0.6;0;0;0;0;0.6
31;fi_sky;W/m2K;B;1991-2005;MULTI-FAMILY;45.54;22.77;22.77;22.77;22.77;22.77;22.77;22.77;22.77;0
31;A_win;m22;B;1991-2005;MULTI-FAMILY;0;0;0;0;0;58.32;32.4;58.32;32.4;0
31;h_se,eli;W/m2K;B;1991-2005;MULTI-FAMILY;24.14;24.14;24.14;24.14;24.14;24.14;24.14;24.14;24.14;999
32;h_eli;W/m2K;B;1991-2005;APARTMENT-BLOCK;1.136019656;0.758825321;0.758825321;0.758825321;0.758825321;36.34595196;36.34595196;36.34595196;36.34595196;1.386326964
32;C_int,eli;J/m2K;B;1991-2005;APARTMENT-BLOCK;360732;328030.625;328030.625;328030.625;328030.625;0;0;0;0;518671
32;h_ci,eli;W/m2K;B;1991-2005;APARTMENT-BLOCK;5;2.5;2.5;2.5;2.5;2.5;2.5;2.5;2.5;0.7
32;A_eli;m23;B;1991-2005;APARTMENT-BLOCK;276;367.92;131.4;367.92;131.4;136.08;48.6;136.08;48.6;240
32;a_sol;-;B;1991-2005;APARTMENT-BLOCK;0.6;0.6;0.6;0.6;0.6;0;0;0;0;0.6
32;fi_sky;W/m2K;B;1991-2005;APARTMENT-BLOCK;45.54;22.77;22.77;22.77;22.77;22.77;22.77;22.77;22.77;0
32;A_win;m23;B;1991-2005;APARTMENT-BLOCK;0;0;0;0;0;136.08;48.6;136.08;48.6;0
32;h_se,eli;W/m2K;B;1991-2005;APARTMENT-BLOCK;24.14;24.14;24.14;24.14;24.14;24.14;24.14;24.14;24.14;999
33;h_eli;W/m2K;B;2006-2011;SINGLE-FAMILY;0.403606736;0.663048346;0.663048346;0.663048346;0.663048346;12.90099846;12.90099846;12.90099846;12.90099846;0.69378119
33;C_int,eli;J/m2K;B;2006-2011;SINGLE-FAMILY;435294;344402;344402;344402;344402;0;0;0;0;859586
33;h_ci,eli;W/m2K;B;2006-2011;SINGLE-FAMILY;5;2.5;2.5;2.5;2.5;2.5;2.5;2.5;2.5;0.7
33;A_eli;m24;B;2006-2011;SINGLE-FAMILY;93.15;39.42;39.42;39.42;39.42;14.58;14.58;14.58;14.58;81
33;a_sol;-;B;2006-2011;SINGLE-FAMILY;0.6;0.6;0.6;0.6;0.6;0;0;0;0;0.6
33;fi_sky;W/m2K;B;2006-2011;SINGLE-FAMILY;45.54;22.77;22.77;22.77;22.77;22.77;22.77;22.77;22.77;0
33;A_win;m24;B;2006-2011;SINGLE-FAMILY;0;0;0;0;0;14.58;14.58;14.58;14.58;0
33;h_se,eli;W/m2K;B;2006-2011;SINGLE-FAMILY;24.14;24.14;24.14;24.14;24.14;24.14;24.14;24.14;24.14;999
34;h_eli;W/m2K;B;2006-2011;DOUBLE-FAMILY;0.403606736;0.663048346;0.663048346;0.663048346;0.663048346;12.90099846;12.90099846;12.90099846;12.90099846;0.69378119
34;C_int,eli;J/m2K;B;2006-2011;DOUBLE-FAMILY;435294;344402;344402;344402;344402;0;0;0;0;859586
34;h_ci,eli;W/m2K;B;2006-2011;DOUBLE-FAMILY;5;2.5;2.5;2.5;2.5;2.5;2.5;2.5;2.5;0.7
34;A_eli;m25;B;2006-2011;DOUBLE-FAMILY;139.15;48.18;48.18;48.18;48.18;17.82;17.82;17.82;17.82;121
34;a_sol;-;B;2006-2011;DOUBLE-FAMILY;0.6;0.6;0.6;0.6;0.6;0;0;0;0;0.6
34;fi_sky;W/m2K;B;2006-2011;DOUBLE-FAMILY;45.54;22.77;22.77;22.77;22.77;22.77;22.77;22.77;22.77;0
34;A_win;m25;B;2006-2011;DOUBLE-FAMILY;0;0;0;0;0;17.82;17.82;17.82;17.82;0
34;h_se,eli;W/m2K;B;2006-2011;DOUBLE-FAMILY;24.14;24.14;24.14;24.14;24.14;24.14;24.14;24.14;24.14;999
35;h_eli;W/m2K;B;2006-2011;MULTI-FAMILY;0.403606736;0.663048346;0.663048346;0.663048346;0.663048346;12.90099846;12.90099846;12.90099846;12.90099846;0.69378119
35;C_int,eli;J/m2K;B;2006-2011;MULTI-FAMILY;435294;344402;344402;344402;344402;0;0;0;0;859586
35;h_ci,eli;W/m2K;B;2006-2011;MULTI-FAMILY;5;2.5;2.5;2.5;2.5;2.5;2.5;2.5;2.5;0.7
35;A_eli;m26;B;2006-2011;MULTI-FAMILY;184;157.68;87.6;157.68;87.6;58.32;32.4;58.32;32.4;160
35;a_sol;-;B;2006-2011;MULTI-FAMILY;0.6;0.6;0.6;0.6;0.6;0;0;0;0;0.6
35;fi_sky;W/m2K;B;2006-2011;MULTI-FAMILY;45.54;22.77;22.77;22.77;22.77;22.77;22.77;22.77;22.77;0
35;A_win;m26;B;2006-2011;MULTI-FAMILY;0;0;0;0;0;58.32;32.4;58.32;32.4;0
35;h_se,eli;W/m2K;B;2006-2011;MULTI-FAMILY;24.14;24.14;24.14;24.14;24.14;24.14;24.14;24.14;24.14;999
36;h_eli;W/m2K;B;2006-2011;APARTMENT-BLOCK;0.403606736;0.663048346;0.663048346;0.663048346;0.663048346;12.90099846;12.90099846;12.90099846;12.90099846;0.69378119
36;C_int,eli;J/m2K;B;2006-2011;APARTMENT-BLOCK;435294;344402;344402;344402;344402;0;0;0;0;859586
36;h_ci,eli;W/m2K;B;2006-2011;APARTMENT-BLOCK;5;2.5;2.5;2.5;2.5;2.5;2.5;2.5;2.5;0.7
36;A_eli;m27;B;2006-2011;APARTMENT-BLOCK;276;367.92;131.4;367.92;131.4;136.08;48.6;136.08;48.6;240
36;a_sol;-;B;2006-2011;APARTMENT-BLOCK;0.6;0.6;0.6;0.6;0.6;0;0;0;0;0.6
36;fi_sky;W/m2K;B;2006-2011;APARTMENT-BLOCK;45.54;22.77;22.77;22.77;22.77;22.77;22.77;22.77;22.77;0
36;A_win;m27;B;2006-2011;APARTMENT-BLOCK;0;0;0;0;0;136.08;48.6;136.08;48.6;0
36;h_se,eli;W/m2K;B;2006-2011;APARTMENT-BLOCK;24.14;24.14;24.14;24.14;24.14;24.14;24.14;24.14;24.14;999
37;h_eli;W/m2K;B;NZEB;SINGLE-FAMILY;0.368052843;0.464447739;0.464447739;0.464447739;0.464447739;6.217099356;6.217099356;6.217099356;6.217099356;0.475918367
37;C_int,eli;J/m2K;B;NZEB;SINGLE-FAMILY;435294;344402;344402;344402;344402;0;0;0;0;859586
37;h_ci,eli;W/m2K;B;NZEB;SINGLE-FAMILY;5;2.5;2.5;2.5;2.5;2.5;2.5;2.5;2.5;0.7
37;A_eli;m28;B;NZEB;SINGLE-FAMILY;93.15;39.42;39.42;39.42;39.42;14.58;14.58;14.58;14.58;81
37;a_sol;-;B;NZEB;SINGLE-FAMILY;0.6;0.6;0.6;0.6;0.6;0;0;0;0;0.6
37;fi_sky;W/m2K;B;NZEB;SINGLE-FAMILY;45.54;22.77;22.77;22.77;22.77;22.77;22.77;22.77;22.77;0
37;A_win;m28;B;NZEB;SINGLE-FAMILY;0;0;0;0;0;14.58;14.58;14.58;14.58;0
37;h_se,eli;W/m2K;B;NZEB;SINGLE-FAMILY;24.14;24.14;24.14;24.14;24.14;24.14;24.14;24.14;24.14;999
38;h_eli;W/m2K;B;NZEB;DOUBLE-FAMILY;0.368052843;0.464447739;0.464447739;0.464447739;0.464447739;6.217099356;6.217099356;6.217099356;6.217099356;0.475918367
38;C_int,eli;J/m2K;B;NZEB;DOUBLE-FAMILY;435294;344402;344402;344402;344402;0;0;0;0;859586
38;h_ci,eli;W/m2K;B;NZEB;DOUBLE-FAMILY;5;2.5;2.5;2.5;2.5;2.5;2.5;2.5;2.5;0.7
38;A_eli;m29;B;NZEB;DOUBLE-FAMILY;139.15;48.18;48.18;48.18;48.18;17.82;17.82;17.82;17.82;121
38;a_sol;-;B;NZEB;DOUBLE-FAMILY;0.6;0.6;0.6;0.6;0.6;0;0;0;0;0.6
38;fi_sky;W/m2K;B;NZEB;DOUBLE-FAMILY;45.54;22.77;22.77;22.77;22.77;22.77;22.77;22.77;22.77;0
38;A_win;m29;B;NZEB;DOUBLE-FAMILY;0;0;0;0;0;17.82;17.82;17.82;17.82;0
38;h_se,eli;W/m2K;B;NZEB;DOUBLE-FAMILY;24.14;24.14;24.14;24.14;24.14;24.14;24.14;24.14;24.14;999
39;h_eli;W/m2K;B;NZEB;MULTI-FAMILY;0.368052843;0.464447739;0.464447739;0.464447739;0.464447739;6.217099356;6.217099356;6.217099356;6.217099356;0.475918367
39;C_int,eli;J/m2K;B;NZEB;MULTI-FAMILY;435294;344402;344402;344402;344402;0;0;0;0;859586
39;h_ci,eli;W/m2K;B;NZEB;MULTI-FAMILY;5;2.5;2.5;2.5;2.5;2.5;2.5;2.5;2.5;0.7
39;A_eli;m30;B;NZEB;MULTI-FAMILY;184;157.68;87.6;157.68;87.6;58.32;32.4;58.32;32.4;160
39;a_sol;-;B;NZEB;MULTI-FAMILY;0.6;0.6;0.6;0.6;0.6;0;0;0;0;0.6
39;fi_sky;W/m2K;B;NZEB;MULTI-FAMILY;45.54;22.77;22.77;22.77;22.77;22.77;22.77;22.77;22.77;0
39;A_win;m30;B;NZEB;MULTI-FAMILY;0;0;0;0;0;58.32;32.4;58.32;32.4;0
39;h_se,eli;W/m2K;B;NZEB;MULTI-FAMILY;24.14;24.14;24.14;24.14;24.14;24.14;24.14;24.14;24.14;999
40;h_eli;W/m2K;B;NZEB;APARTMENT-BLOCK;0.368052843;0.464447739;0.464447739;0.464447739;0.464447739;6.217099356;6.217099356;6.217099356;6.217099356;0.475918367
40;C_int,eli;J/m2K;B;NZEB;APARTMENT-BLOCK;435294;344402;344402;344402;344402;0;0;0;0;859586
40;h_ci,eli;W/m2K;B;NZEB;APARTMENT-BLOCK;5;2.5;2.5;2.5;2.5;2.5;2.5;2.5;2.5;0.7
40;A_eli;m31;B;NZEB;APARTMENT-BLOCK;276;367.92;131.4;367.92;131.4;136.08;48.6;136.08;48.6;240
40;a_sol;-;B;NZEB;APARTMENT-BLOCK;0.6;0.6;0.6;0.6;0.6;0;0;0;0;0.6
40;fi_sky;W/m2K;B;NZEB;APARTMENT-BLOCK;45.54;22.77;22.77;22.77;22.77;22.77;22.77;22.77;22.77;0
40;A_win;m31;B;NZEB;APARTMENT-BLOCK;0;0;0;0;0;136.08;48.6;136.08;48.6;0
40;h_se,eli;W/m2K;B;NZEB;APARTMENT-BLOCK;24.14;24.14;24.14;24.14;24.14;24.14;24.14;24.14;24.14;999
41;h_eli;W/m2K;C;<1975;SINGLE-FAMILY;2.292383564;2.029017486;2.029017486;2.029017486;2.029017486;22.26939142;22.26939142;22.26939142;22.26939142;2.224241706
41;C_int,eli;J/m2K;C;<1975;SINGLE-FAMILY;360000;640000;640000;640000;640000;0;0;0;0;938305
41;h_ci,eli;W/m2K;C;<1975;SINGLE-FAMILY;5;2.5;2.5;2.5;2.5;2.5;2.5;2.5;2.5;0.7
41;A_eli;m32;C;<1975;SINGLE-FAMILY;93.15;43.2;43.2;43.2;43.2;10.8;10.8;10.8;10.8;81
41;a_sol;-;C;<1975;SINGLE-FAMILY;0.6;0.6;0.6;0.6;0.6;0;0;0;0;0.6
41;fi_sky;W/m2K;C;<1975;SINGLE-FAMILY;45.54;22.77;22.77;22.77;22.77;22.77;22.77;22.77;22.77;0
41;A_win;m32;C;<1975;SINGLE-FAMILY;0;0;0;0;0;10.8;10.8;10.8;10.8;0
41;h_se,eli;W/m2K;C;<1975;SINGLE-FAMILY;24.14;24.14;24.14;24.14;24.14;24.14;24.14;24.14;24.14;999
42;h_eli;W/m2K;C;<1975;DOUBLE-FAMILY;2.292383564;2.029017486;2.029017486;2.029017486;2.029017486;22.26939142;22.26939142;22.26939142;22.26939142;2.224241706
42;C_int,eli;J/m2K;C;<1975;DOUBLE-FAMILY;360000;640000;640000;640000;640000;0;0;0;0;938305
42;h_ci,eli;W/m2K;C;<1975;DOUBLE-FAMILY;5;2.5;2.5;2.5;2.5;2.5;2.5;2.5;2.5;0.7
42;A_eli;m33;C;<1975;DOUBLE-FAMILY;139.15;52.8;52.8;52.8;52.8;13.2;13.2;13.2;13.2;121
42;a_sol;-;C;<1975;DOUBLE-FAMILY;0.6;0.6;0.6;0.6;0.6;0;0;0;0;0.6
42;fi_sky;W/m2K;C;<1975;DOUBLE-FAMILY;45.54;22.77;22.77;22.77;22.77;22.77;22.77;22.77;22.77;0
42;A_win;m33;C;<1975;DOUBLE-FAMILY;0;0;0;0;0;13.2;13.2;13.2;13.2;0
42;h_se,eli;W/m2K;C;<1975;DOUBLE-FAMILY;24.14;24.14;24.14;24.14;24.14;24.14;24.14;24.14;24.14;999
43;h_eli;W/m2K;C;<1975;MULTI-FAMILY;1.945977588;1.398944137;1.398944137;1.398944137;1.398944137;22.26939142;22.26939142;22.26939142;22.26939142;2.028705202
43;C_int,eli;J/m2K;C;<1975;MULTI-FAMILY;512000;928000;928000;928000;928000;0;0;0;0;1038305
43;h_ci,eli;W/m2K;C;<1975;MULTI-FAMILY;5;2.5;2.5;2.5;2.5;2.5;2.5;2.5;2.5;0.7
43;A_eli;m34;C;<1975;MULTI-FAMILY;184;172.8;96;172.8;96;43.2;24;43.2;24;160
43;a_sol;-;C;<1975;MULTI-FAMILY;0.6;0.6;0.6;0.6;0.6;0;0;0;0;0.6
43;fi_sky;W/m2K;C;<1975;MULTI-FAMILY;45.54;22.77;22.77;22.77;22.77;22.77;22.77;22.77;22.77;0
43;A_win;m34;C;<1975;MULTI-FAMILY;0;0;0;0;0;43.2;24;43.2;24;0
43;h_se,eli;W/m2K;C;<1975;MULTI-FAMILY;24.14;24.14;24.14;24.14;24.14;24.14;24.14;24.14;24.14;999
44;h_eli;W/m2K;C;<1975;APARTMENT-BLOCK;1.945977588;1.398944137;1.398944137;1.398944137;1.398944137;22.26939142;22.26939142;22.26939142;22.26939142;2.028705202
44;C_int,eli;J/m2K;C;<1975;APARTMENT-BLOCK;512000;928000;928000;928000;928000;0;0;0;0;1038305
44;h_ci,eli;W/m2K;C;<1975;APARTMENT-BLOCK;5;2.5;2.5;2.5;2.5;2.5;2.5;2.5;2.5;0.7
44;A_eli;m35;C;<1975;APARTMENT-BLOCK;276;403.2;144;403.2;144;100.8;36;100.8;36;240
44;a_sol;-;C;<1975;APARTMENT-BLOCK;0.6;0.6;0.6;0.6;0.6;0;0;0;0;0.6
44;fi_sky;W/m2K;C;<1975;APARTMENT-BLOCK;45.54;22.77;22.77;22.77;22.77;22.77;22.77;22.77;22.77;0
44;A_win;m35;C;<1975;APARTMENT-BLOCK;0;0;0;0;0;100.8;36;100.8;36;0
44;h_se,eli;W/m2K;C;<1975;APARTMENT-BLOCK;24.14;24.14;24.14;24.14;24.14;24.14;24.14;24.14;24.14;999
45;h_eli;W/m2K;C;1976-1990;SINGLE-FAMILY;1.827674028;1.124752477;1.124752477;1.124752477;1.124752477;7.142174538;7.142174538;7.142174538;7.142174538;1.594399301
45;C_int,eli;J/m2K;C;1976-1990;SINGLE-FAMILY;360183;288000;288000;288000;288000;0;0;0;0;938597.8
45;h_ci,eli;W/m2K;C;1976-1990;SINGLE-FAMILY;5;2.5;2.5;2.5;2.5;2.5;2.5;2.5;2.5;0.7
45;A_eli;m36;C;1976-1990;SINGLE-FAMILY;93.15;39.42;39.42;39.42;39.42;14.58;14.58;14.58;14.58;81
45;a_sol;-;C;1976-1990;SINGLE-FAMILY;0.6;0.6;0.6;0.6;0.6;0;0;0;0;0.6
45;fi_sky;W/m2K;C;1976-1990;SINGLE-FAMILY;45.54;22.77;22.77;22.77;22.77;22.77;22.77;22.77;22.77;0
45;A_win;m36;C;1976-1990;SINGLE-FAMILY;0;0;0;0;0;14.58;14.58;14.58;14.58;0
45;h_se,eli;W/m2K;C;1976-1990;SINGLE-FAMILY;24.14;24.14;24.14;24.14;24.14;24.14;24.14;24.14;24.14;999
46;h_eli;W/m2K;C;1976-1990;DOUBLE-FAMILY;1.827674028;1.124752477;1.124752477;1.124752477;1.124752477;7.142174538;7.142174538;7.142174538;7.142174538;1.594399301
46;C_int,eli;J/m2K;C;1976-1990;DOUBLE-FAMILY;360183;288000;288000;288000;288000;0;0;0;0;938597.8
46;h_ci,eli;W/m2K;C;1976-1990;DOUBLE-FAMILY;5;2.5;2.5;2.5;2.5;2.5;2.5;2.5;2.5;0.7
46;A_eli;m37;C;1976-1990;DOUBLE-FAMILY;139.15;48.18;48.18;48.18;48.18;17.82;17.82;17.82;17.82;121
46;a_sol;-;C;1976-1990;DOUBLE-FAMILY;0.6;0.6;0.6;0.6;0.6;0;0;0;0;0.6
46;fi_sky;W/m2K;C;1976-1990;DOUBLE-FAMILY;45.54;22.77;22.77;22.77;22.77;22.77;22.77;22.77;22.77;0
46;A_win;m37;C;1976-1990;DOUBLE-FAMILY;0;0;0;0;0;17.82;17.82;17.82;17.82;0
46;h_se,eli;W/m2K;C;1976-1990;DOUBLE-FAMILY;24.14;24.14;24.14;24.14;24.14;24.14;24.14;24.14;24.14;999
47;h_eli;W/m2K;C;1976-1990;MULTI-FAMILY;1.518417629;1.124752477;1.124752477;1.124752477;1.124752477;7.142174538;7.142174538;7.142174538;7.142174538;1.488884582
47;C_int,eli;J/m2K;C;1976-1990;MULTI-FAMILY;360366;288000;288000;288000;288000;0;0;0;0;938671
47;h_ci,eli;W/m2K;C;1976-1990;MULTI-FAMILY;5;2.5;2.5;2.5;2.5;2.5;2.5;2.5;2.5;0.7
47;A_eli;m38;C;1976-1990;MULTI-FAMILY;184;157.68;87.6;157.68;87.6;58.32;32.4;58.32;32.4;160
47;a_sol;-;C;1976-1990;MULTI-FAMILY;0.6;0.6;0.6;0.6;0.6;0;0;0;0;0.6
47;fi_sky;W/m2K;C;1976-1990;MULTI-FAMILY;45.54;22.77;22.77;22.77;22.77;22.77;22.77;22.77;22.77;0
47;A_win;m38;C;1976-1990;MULTI-FAMILY;0;0;0;0;0;58.32;32.4;58.32;32.4;0
47;h_se,eli;W/m2K;C;1976-1990;MULTI-FAMILY;24.14;24.14;24.14;24.14;24.14;24.14;24.14;24.14;24.14;999
48;h_eli;W/m2K;C;1976-1990;APARTMENT-BLOCK;1.518417629;1.124752477;1.124752477;1.124752477;1.124752477;7.142174538;7.142174538;7.142174538;7.142174538;1.488884582
48;C_int,eli;J/m2K;C;1976-1990;APARTMENT-BLOCK;360366;288000;288000;288000;288000;0;0;0;0;938671
48;h_ci,eli;W/m2K;C;1976-1990;APARTMENT-BLOCK;5;2.5;2.5;2.5;2.5;2.5;2.5;2.5;2.5;0.7
48;A_eli;m39;C;1976-1990;APARTMENT-BLOCK;276;367.92;131.4;367.92;131.4;136.08;48.6;136.08;48.6;240
48;a_sol;-;C;1976-1990;APARTMENT-BLOCK;0.6;0.6;0.6;0.6;0.6;0;0;0;0;0.6
48;fi_sky;W/m2K;C;1976-1990;APARTMENT-BLOCK;45.54;22.77;22.77;22.77;22.77;22.77;22.77;22.77;22.77;0
48;A_win;m39;C;1976-1990;APARTMENT-BLOCK;0;0;0;0;0;136.08;48.6;136.08;48.6;0
48;h_se,eli;W/m2K;C;1976-1990;APARTMENT-BLOCK;24.14;24.14;24.14;24.14;24.14;24.14;24.14;24.14;24.14;999
49;h_eli;W/m2K;C;1991-2005;SINGLE-FAMILY;1.299078532;0.758825321;0.758825321;0.758825321;0.758825321;7.142174538;7.142174538;7.142174538;7.142174538;1.201216384
49;C_int,eli;J/m2K;C;1991-2005;SINGLE-FAMILY;360549;328030.625;328030.625;328030.625;328030.625;0;0;0;0;518854
49;h_ci,eli;W/m2K;C;1991-2005;SINGLE-FAMILY;5;2.5;2.5;2.5;2.5;2.5;2.5;2.5;2.5;0.7
49;A_eli;m40;C;1991-2005;SINGLE-FAMILY;93.15;39.42;39.42;39.42;39.42;14.58;14.58;14.58;14.58;81
49;a_sol;-;C;1991-2005;SINGLE-FAMILY;0.6;0.6;0.6;0.6;0.6;0;0;0;0;0.6
49;fi_sky;W/m2K;C;1991-2005;SINGLE-FAMILY;45.54;22.77;22.77;22.77;22.77;22.77;22.77;22.77;22.77;0
49;A_win;m40;C;1991-2005;SINGLE-FAMILY;0;0;0;0;0;14.58;14.58;14.58;14.58;0
49;h_se,eli;W/m2K;C;1991-2005;SINGLE-FAMILY;24.14;24.14;24.14;24.14;24.14;24.14;24.14;24.14;24.14;999
50;h_eli;W/m2K;C;1991-2005;DOUBLE-FAMILY;1.299078532;0.758825321;0.758825321;0.758825321;0.758825321;7.142174538;7.142174538;7.142174538;7.142174538;1.201216384
50;C_int,eli;J/m2K;C;1991-2005;DOUBLE-FAMILY;360549;328030.625;328030.625;328030.625;328030.625;0;0;0;0;518854
50;h_ci,eli;W/m2K;C;1991-2005;DOUBLE-FAMILY;5;2.5;2.5;2.5;2.5;2.5;2.5;2.5;2.5;0.7
50;A_eli;m41;C;1991-2005;DOUBLE-FAMILY;139.15;48.18;48.18;48.18;48.18;17.82;17.82;17.82;17.82;121
50;a_sol;-;C;1991-2005;DOUBLE-FAMILY;0.6;0.6;0.6;0.6;0.6;0;0;0;0;0.6
50;fi_sky;W/m2K;C;1991-2005;DOUBLE-FAMILY;45.54;22.77;22.77;22.77;22.77;22.77;22.77;22.77;22.77;0
50;A_win;m41;C;1991-2005;DOUBLE-FAMILY;0;0;0;0;0;17.82;17.82;17.82;17.82;0
50;h_se,eli;W/m2K;C;1991-2005;DOUBLE-FAMILY;24.14;24.14;24.14;24.14;24.14;24.14;24.14;24.14;24.14;999
51;h_eli;W/m2K;C;1991-2005;MULTI-FAMILY;1.136019656;0.758825321;0.758825321;0.758825321;0.758825321;7.142174538;7.142174538;7.142174538;7.142174538;1.201216384
51;C_int,eli;J/m2K;C;1991-2005;MULTI-FAMILY;360732;328030.625;328030.625;328030.625;328030.625;0;0;0;0;518854
51;h_ci,eli;W/m2K;C;1991-2005;MULTI-FAMILY;5;2.5;2.5;2.5;2.5;2.5;2.5;2.5;2.5;0.7
51;A_eli;m42;C;1991-2005;MULTI-FAMILY;184;157.68;87.6;157.68;87.6;58.32;32.4;58.32;32.4;160
51;a_sol;-;C;1991-2005;MULTI-FAMILY;0.6;0.6;0.6;0.6;0.6;0;0;0;0;0.6
51;fi_sky;W/m2K;C;1991-2005;MULTI-FAMILY;45.54;22.77;22.77;22.77;22.77;22.77;22.77;22.77;22.77;0
51;A_win;m42;C;1991-2005;MULTI-FAMILY;0;0;0;0;0;58.32;32.4;58.32;32.4;0
51;h_se,eli;W/m2K;C;1991-2005;MULTI-FAMILY;24.14;24.14;24.14;24.14;24.14;24.14;24.14;24.14;24.14;999
52;h_eli;W/m2K;C;1991-2005;APARTMENT-BLOCK;1.136019656;0.758825321;0.758825321;0.758825321;0.758825321;7.142174538;7.142174538;7.142174538;7.142174538;1.201216384
52;C_int,eli;J/m2K;C;1991-2005;APARTMENT-BLOCK;360732;328030.625;328030.625;328030.625;328030.625;0;0;0;0;518854
52;h_ci,eli;W/m2K;C;1991-2005;APARTMENT-BLOCK;5;2.5;2.5;2.5;2.5;2.5;2.5;2.5;2.5;0.7
52;A_eli;m43;C;1991-2005;APARTMENT-BLOCK;276;367.92;131.4;367.92;131.4;136.08;48.6;136.08;48.6;240
52;a_sol;-;C;1991-2005;APARTMENT-BLOCK;0.6;0.6;0.6;0.6;0.6;0;0;0;0;0.6
52;fi_sky;W/m2K;C;1991-2005;APARTMENT-BLOCK;45.54;22.77;22.77;22.77;22.77;22.77;22.77;22.77;22.77;0
52;A_win;m43;C;1991-2005;APARTMENT-BLOCK;0;0;0;0;0;136.08;48.6;136.08;48.6;0
52;h_se,eli;W/m2K;C;1991-2005;APARTMENT-BLOCK;24.14;24.14;24.14;24.14;24.14;24.14;24.14;24.14;24.14;999
53;h_eli;W/m2K;C;2006-2011;SINGLE-FAMILY;0.370265135;0.435416958;0.435416958;0.435416958;0.435416958;4.714117862;4.714117862;4.714117862;4.714117862;0.42946593
53;C_int,eli;J/m2K;C;2006-2011;SINGLE-FAMILY;435660;414502.5;414502.5;414502.5;414502.5;0;0;0;0;861050
53;h_ci,eli;W/m2K;C;2006-2011;SINGLE-FAMILY;5;2.5;2.5;2.5;2.5;2.5;2.5;2.5;2.5;0.7
53;A_eli;m44;C;2006-2011;SINGLE-FAMILY;93.15;39.42;39.42;39.42;39.42;14.58;14.58;14.58;14.58;81
53;a_sol;-;C;2006-2011;SINGLE-FAMILY;0.6;0.6;0.6;0.6;0.6;0;0;0;0;0.6
53;fi_sky;W/m2K;C;2006-2011;SINGLE-FAMILY;45.54;22.77;22.77;22.77;22.77;22.77;22.77;22.77;22.77;0
53;A_win;m44;C;2006-2011;SINGLE-FAMILY;0;0;0;0;0;14.58;14.58;14.58;14.58;0
53;h_se,eli;W/m2K;C;2006-2011;SINGLE-FAMILY;24.14;24.14;24.14;24.14;24.14;24.14;24.14;24.14;24.14;999
54;h_eli;W/m2K;C;2006-2011;DOUBLE-FAMILY;0.370265135;0.435416958;0.435416958;0.435416958;0.435416958;4.714117862;4.714117862;4.714117862;4.714117862;0.42946593
54;C_int,eli;J/m2K;C;2006-2011;DOUBLE-FAMILY;435660;414502.5;414502.5;414502.5;414502.5;0;0;0;0;861050
54;h_ci,eli;W/m2K;C;2006-2011;DOUBLE-FAMILY;5;2.5;2.5;2.5;2.5;2.5;2.5;2.5;2.5;0.7
54;A_eli;m45;C;2006-2011;DOUBLE-FAMILY;139.15;48.18;48.18;48.18;48.18;17.82;17.82;17.82;17.82;121
54;a_sol;-;C;2006-2011;DOUBLE-FAMILY;0.6;0.6;0.6;0.6;0.6;0;0;0;0;0.6
54;fi_sky;W/m2K;C;2006-2011;DOUBLE-FAMILY;45.54;22.77;22.77;22.77;22.77;22.77;22.77;22.77;22.77;0
54;A_win;m45;C;2006-2011;DOUBLE-FAMILY;0;0;0;0;0;17.82;17.82;17.82;17.82;0
54;h_se,eli;W/m2K;C;2006-2011;DOUBLE-FAMILY;24.14;24.14;24.14;24.14;24.14;24.14;24.14;24.14;24.14;999
55;h_eli;W/m2K;C;2006-2011;MULTI-FAMILY;0.370265135;0.435416958;0.435416958;0.435416958;0.435416958;4.714117862;4.714117862;4.714117862;4.714117862;0.42946593
55;C_int,eli;J/m2K;C;2006-2011;MULTI-FAMILY;435660;414502.5;414502.5;414502.5;414502.5;0;0;0;0;861050
55;h_ci,eli;W/m2K;C;2006-2011;MULTI-FAMILY;5;2.5;2.5;2.5;2.5;2.5;2.5;2.5;2.5;0.7
55;A_eli;m46;C;2006-2011;MULTI-FAMILY;184;157.68;87.6;157.68;87.6;58.32;32.4;58.32;32.4;160
55;a_sol;-;C;2006-2011;MULTI-FAMILY;0.6;0.6;0.6;0.6;0.6;0;0;0;0;0.6
55;fi_sky;W/m2K;C;2006-2011;MULTI-FAMILY;45.54;22.77;22.77;22.77;22.77;22.77;22.77;22.77;22.77;0
55;A_win;m46;C;2006-2011;MULTI-FAMILY;0;0;0;0;0;58.32;32.4;58.32;32.4;0
55;h_se,eli;W/m2K;C;2006-2011;MULTI-FAMILY;24.14;24.14;24.14;24.14;24.14;24.14;24.14;24.14;24.14;999
56;h_eli;W/m2K;C;2006-2011;APARTMENT-BLOCK;0.370265135;0.435416958;0.435416958;0.435416958;0.435416958;4.714117862;4.714117862;4.714117862;4.714117862;0.42946593
56;C_int,eli;J/m2K;C;2006-2011;APARTMENT-BLOCK;435660;414502.5;414502.5;414502.5;414502.5;0;0;0;0;861050
56;h_ci,eli;W/m2K;C;2006-2011;APARTMENT-BLOCK;5;2.5;2.5;2.5;2.5;2.5;2.5;2.5;2.5;0.7
56;A_eli;m47;C;2006-2011;APARTMENT-BLOCK;276;367.92;131.4;367.92;131.4;136.08;48.6;136.08;48.6;240
56;a_sol;-;C;2006-2011;APARTMENT-BLOCK;0.6;0.6;0.6;0.6;0.6;0;0;0;0;0.6
56;fi_sky;W/m2K;C;2006-2011;APARTMENT-BLOCK;45.54;22.77;22.77;22.77;22.77;22.77;22.77;22.77;22.77;0
56;A_win;m47;C;2006-2011;APARTMENT-BLOCK;0;0;0;0;0;136.08;48.6;136.08;48.6;0
56;h_se,eli;W/m2K;C;2006-2011;APARTMENT-BLOCK;24.14;24.14;24.14;24.14;24.14;24.14;24.14;24.14;24.14;999
57;h_eli;W/m2K;C;NZEB;SINGLE-FAMILY;0.346001447;0.361181661;0.361181661;0.361181661;0.361181661;3.545359607;3.545359607;3.545359607;3.545359607;0.406495413
57;C_int,eli;J/m2K;C;NZEB;SINGLE-FAMILY;435660;414502.5;414502.5;414502.5;414502.5;0;0;0;0;861050
57;h_ci,eli;W/m2K;C;NZEB;SINGLE-FAMILY;5;2.5;2.5;2.5;2.5;2.5;2.5;2.5;2.5;0.7
57;A_eli;m48;C;NZEB;SINGLE-FAMILY;93.15;39.42;39.42;39.42;39.42;14.58;14.58;14.58;14.58;81
57;a_sol;-;C;NZEB;SINGLE-FAMILY;0.6;0.6;0.6;0.6;0.6;0;0;0;0;0.6
57;fi_sky;W/m2K;C;NZEB;SINGLE-FAMILY;45.54;22.77;22.77;22.77;22.77;22.77;22.77;22.77;22.77;0
57;A_win;m48;C;NZEB;SINGLE-FAMILY;0;0;0;0;0;14.58;14.58;14.58;14.58;0
57;h_se,eli;W/m2K;C;NZEB;SINGLE-FAMILY;24.14;24.14;24.14;24.14;24.14;24.14;24.14;24.14;24.14;999
58;h_eli;W/m2K;C;NZEB;DOUBLE-FAMILY;0.346001447;0.361181661;0.361181661;0.361181661;0.361181661;3.545359607;3.545359607;3.545359607;3.545359607;0.406495413
58;C_int,eli;J/m2K;C;NZEB;DOUBLE-FAMILY;435660;414502.5;414502.5;414502.5;414502.5;0;0;0;0;861050
58;h_ci,eli;W/m2K;C;NZEB;DOUBLE-FAMILY;5;2.5;2.5;2.5;2.5;2.5;2.5;2.5;2.5;0.7
58;A_eli;m49;C;NZEB;DOUBLE-FAMILY;139.15;48.18;48.18;48.18;48.18;17.82;17.82;17.82;17.82;121
58;a_sol;-;C;NZEB;DOUBLE-FAMILY;0.6;0.6;0.6;0.6;0.6;0;0;0;0;0.6
58;fi_sky;W/m2K;C;NZEB;DOUBLE-FAMILY;45.54;22.77;22.77;22.77;22.77;22.77;22.77;22.77;22.77;0
58;A_win;m49;C;NZEB;DOUBLE-FAMILY;0;0;0;0;0;17.82;17.82;17.82;17.82;0
58;h_se,eli;W/m2K;C;NZEB;DOUBLE-FAMILY;24.14;24.14;24.14;24.14;24.14;24.14;24.14;24.14;24.14;999
59;h_eli;W/m2K;C;NZEB;MULTI-FAMILY;0.346001447;0.361181661;0.361181661;0.361181661;0.361181661;3.545359607;3.545359607;3.545359607;3.545359607;0.406495413
59;C_int,eli;J/m2K;C;NZEB;MULTI-FAMILY;435660;414502.5;414502.5;414502.5;414502.5;0;0;0;0;861050
59;h_ci,eli;W/m2K;C;NZEB;MULTI-FAMILY;5;2.5;2.5;2.5;2.5;2.5;2.5;2.5;2.5;0.7
59;A_eli;m50;C;NZEB;MULTI-FAMILY;184;157.68;87.6;157.68;87.6;58.32;32.4;58.32;32.4;160
59;a_sol;-;C;NZEB;MULTI-FAMILY;0.6;0.6;0.6;0.6;0.6;0;0;0;0;0.6
59;fi_sky;W/m2K;C;NZEB;MULTI-FAMILY;45.54;22.77;22.77;22.77;22.77;22.77;22.77;22.77;22.77;0
59;A_win;m50;C;NZEB;MULTI-FAMILY;0;0;0;0;0;58.32;32.4;58.32;32.4;0
59;h_se,eli;W/m2K;C;NZEB;MULTI-FAMILY;24.14;24.14;24.14;24.14;24.14;24.14;24.14;24.14;24.14;999
60;h_eli;W/m2K;C;NZEB;APARTMENT-BLOCK;0.346001447;0.361181661;0.361181661;0.361181661;0.361181661;3.545359607;3.545359607;3.545359607;3.545359607;0.406495413
60;C_int,eli;J/m2K;C;NZEB;APARTMENT-BLOCK;435660;414502.5;414502.5;414502.5;414502.5;0;0;0;0;861050
60;h_ci,eli;W/m2K;C;NZEB;APARTMENT-BLOCK;5;2.5;2.5;2.5;2.5;2.5;2.5;2.5;2.5;0.7
60;A_eli;m51;C;NZEB;APARTMENT-BLOCK;276;367.92;131.4;367.92;131.4;136.08;48.6;136.08;48.6;240
60;a_sol;-;C;NZEB;APARTMENT-BLOCK;0.6;0.6;0.6;0.6;0.6;0;0;0;0;0.6
60;fi_sky;W/m2K;C;NZEB;APARTMENT-BLOCK;45.54;22.77;22.77;22.77;22.77;22.77;22.77;22.77;22.77;0
60;A_win;m51;C;NZEB;APARTMENT-BLOCK;0;0;0;0;0;136.08;48.6;136.08;48.6;0
60;h_se,eli;W/m2K;C;NZEB;APARTMENT-BLOCK;24.14;24.14;24.14;24.14;24.14;24.14;24.14;24.14;24.14;999
61;h_eli;W/m2K;D;<1975;SINGLE-FAMILY;2.292383564;2.029017486;2.029017486;2.029017486;2.029017486;22.26939142;22.26939142;22.26939142;22.26939142;2.224241706
61;C_int,eli;J/m2K;D;<1975;SINGLE-FAMILY;360000;640000;640000;640000;640000;0;0;0;0;938305
61;h_ci,eli;W/m2K;D;<1975;SINGLE-FAMILY;5;2.5;2.5;2.5;2.5;2.5;2.5;2.5;2.5;0.7
61;A_eli;m52;D;<1975;SINGLE-FAMILY;93.15;43.2;43.2;43.2;43.2;10.8;10.8;10.8;10.8;81
61;a_sol;-;D;<1975;SINGLE-FAMILY;0.6;0.6;0.6;0.6;0.6;0;0;0;0;0.6
61;fi_sky;W/m2K;D;<1975;SINGLE-FAMILY;45.54;22.77;22.77;22.77;22.77;22.77;22.77;22.77;22.77;0
61;A_win;m52;D;<1975;SINGLE-FAMILY;0;0;0;0;0;10.8;10.8;10.8;10.8;0
61;h_se,eli;W/m2K;D;<1975;SINGLE-FAMILY;24.14;24.14;24.14;24.14;24.14;24.14;24.14;24.14;24.14;999
62;h_eli;W/m2K;D;<1975;DOUBLE-FAMILY;2.292383564;2.029017486;2.029017486;2.029017486;2.029017486;22.26939142;22.26939142;22.26939142;22.26939142;2.224241706
62;C_int,eli;J/m2K;D;<1975;DOUBLE-FAMILY;360000;640000;640000;640000;640000;0;0;0;0;938305
62;h_ci,eli;W/m2K;D;<1975;DOUBLE-FAMILY;5;2.5;2.5;2.5;2.5;2.5;2.5;2.5;2.5;0.7
62;A_eli;m53;D;<1975;DOUBLE-FAMILY;139.15;52.8;52.8;52.8;52.8;13.2;13.2;13.2;13.2;121
62;a_sol;-;D;<1975;DOUBLE-FAMILY;0.6;0.6;0.6;0.6;0.6;0;0;0;0;0.6
62;fi_sky;W/m2K;D;<1975;DOUBLE-FAMILY;45.54;22.77;22.77;22.77;22.77;22.77;22.77;22.77;22.77;0
62;A_win;m53;D;<1975;DOUBLE-FAMILY;0;0;0;0;0;13.2;13.2;13.2;13.2;0
62;h_se,eli;W/m2K;D;<1975;DOUBLE-FAMILY;24.14;24.14;24.14;24.14;24.14;24.14;24.14;24.14;24.14;999
63;h_eli;W/m2K;D;<1975;MULTI-FAMILY;1.945977588;1.398944137;1.398944137;1.398944137;1.398944137;22.26939142;22.26939142;22.26939142;22.26939142;2.028705202
63;C_int,eli;J/m2K;D;<1975;MULTI-FAMILY;512000;928000;928000;928000;928000;0;0;0;0;1038305
63;h_ci,eli;W/m2K;D;<1975;MULTI-FAMILY;5;2.5;2.5;2.5;2.5;2.5;2.5;2.5;2.5;0.7
63;A_eli;m54;D;<1975;MULTI-FAMILY;184;172.8;96;172.8;96;43.2;24;43.2;24;160
63;a_sol;-;D;<1975;MULTI-FAMILY;0.6;0.6;0.6;0.6;0.6;0;0;0;0;0.6
63;fi_sky;W/m2K;D;<1975;MULTI-FAMILY;45.54;22.77;22.77;22.77;22.77;22.77;22.77;22.77;22.77;0
63;A_win;m54;D;<1975;MULTI-FAMILY;0;0;0;0;0;43.2;24;43.2;24;0
63;h_se,eli;W/m2K;D;<1975;MULTI-FAMILY;24.14;24.14;24.14;24.14;24.14;24.14;24.14;24.14;24.14;999
64;h_eli;W/m2K;D;<1975;APARTMENT-BLOCK;1.945977588;1.398944137;1.398944137;1.398944137;1.398944137;22.26939142;22.26939142;22.26939142;22.26939142;2.028705202
64;C_int,eli;J/m2K;D;<1975;APARTMENT-BLOCK;512000;928000;928000;928000;928000;0;0;0;0;1038305
64;h_ci,eli;W/m2K;D;<1975;APARTMENT-BLOCK;5;2.5;2.5;2.5;2.5;2.5;2.5;2.5;2.5;0.7
64;A_eli;m55;D;<1975;APARTMENT-BLOCK;276;403.2;144;403.2;144;100.8;36;100.8;36;240
64;a_sol;-;D;<1975;APARTMENT-BLOCK;0.6;0.6;0.6;0.6;0.6;0;0;0;0;0.6
64;fi_sky;W/m2K;D;<1975;APARTMENT-BLOCK;45.54;22.77;22.77;22.77;22.77;22.77;22.77;22.77;22.77;0
64;A_win;m55;D;<1975;APARTMENT-BLOCK;0;0;0;0;0;100.8;36;100.8;36;0
64;h_se,eli;W/m2K;D;<1975;APARTMENT-BLOCK;24.14;24.14;24.14;24.14;24.14;24.14;24.14;24.14;24.14;999
65;h_eli;W/m2K;D;1976-1990;SINGLE-FAMILY;1.827674028;1.124752477;1.124752477;1.124752477;1.124752477;7.142174538;7.142174538;7.142174538;7.142174538;1.594399301
65;C_int,eli;J/m2K;D;1976-1990;SINGLE-FAMILY;360183;288000;288000;288000;288000;0;0;0;0;938597.8
65;h_ci,eli;W/m2K;D;1976-1990;SINGLE-FAMILY;5;2.5;2.5;2.5;2.5;2.5;2.5;2.5;2.5;0.7
65;A_eli;m56;D;1976-1990;SINGLE-FAMILY;93.15;39.42;39.42;39.42;39.42;14.58;14.58;14.58;14.58;81
65;a_sol;-;D;1976-1990;SINGLE-FAMILY;0.6;0.6;0.6;0.6;0.6;0;0;0;0;0.6
65;fi_sky;W/m2K;D;1976-1990;SINGLE-FAMILY;45.54;22.77;22.77;22.77;22.77;22.77;22.77;22.77;22.77;0
65;A_win;m56;D;1976-1990;SINGLE-FAMILY;0;0;0;0;0;14.58;14.58;14.58;14.58;0
65;h_se,eli;W/m2K;D;1976-1990;SINGLE-FAMILY;24.14;24.14;24.14;24.14;24.14;24.14;24.14;24.14;24.14;999
66;h_eli;W/m2K;D;1976-1990;DOUBLE-FAMILY;1.827674028;1.124752477;1.124752477;1.124752477;1.124752477;7.142174538;7.142174538;7.142174538;7.142174538;1.594399301
66;C_int,eli;J/m2K;D;1976-1990;DOUBLE-FAMILY;360183;288000;288000;288000;288000;0;0;0;0;938597.8
66;h_ci,eli;W/m2K;D;1976-1990;DOUBLE-FAMILY;5;2.5;2.5;2.5;2.5;2.5;2.5;2.5;2.5;0.7
66;A_eli;m57;D;1976-1990;DOUBLE-FAMILY;139.15;48.18;48.18;48.18;48.18;17.82;17.82;17.82;17.82;121
66;a_sol;-;D;1976-1990;DOUBLE-FAMILY;0.6;0.6;0.6;0.6;0.6;0;0;0;0;0.6
66;fi_sky;W/m2K;D;1976-1990;DOUBLE-FAMILY;45.54;22.77;22.77;22.77;22.77;22.77;22.77;22.77;22.77;0
66;A_win;m57;D;1976-1990;DOUBLE-FAMILY;0;0;0;0;0;17.82;17.82;17.82;17.82;0
66;h_se,eli;W/m2K;D;1976-1990;DOUBLE-FAMILY;24.14;24.14;24.14;24.14;24.14;24.14;24.14;24.14;24.14;999
67;h_eli;W/m2K;D;1976-1990;MULTI-FAMILY;1.518417629;1.124752477;1.124752477;1.124752477;1.124752477;7.142174538;7.142174538;7.142174538;7.142174538;1.488884582
67;C_int,eli;J/m2K;D;1976-1990;MULTI-FAMILY;360366;288000;288000;288000;288000;0;0;0;0;938671
67;h_ci,eli;W/m2K;D;1976-1990;MULTI-FAMILY;5;2.5;2.5;2.5;2.5;2.5;2.5;2.5;2.5;0.7
67;A_eli;m58;D;1976-1990;MULTI-FAMILY;184;157.68;87.6;157.68;87.6;58.32;32.4;58.32;32.4;160
67;a_sol;-;D;1976-1990;MULTI-FAMILY;0.6;0.6;0.6;0.6;0.6;0;0;0;0;0.6
67;fi_sky;W/m2K;D;1976-1990;MULTI-FAMILY;45.54;22.77;22.77;22.77;22.77;22.77;22.77;22.77;22.77;0
67;A_win;m58;D;1976-1990;MULTI-FAMILY;0;0;0;0;0;58.32;32.4;58.32;32.4;0
67;h_se,eli;W/m2K;D;1976-1990;MULTI-FAMILY;24.14;24.14;24.14;24.14;24.14;24.14;24.14;24.14;24.14;999
68;h_eli;W/m2K;D;1976-1990;APARTMENT-BLOCK;1.518417629;1.124752477;1.124752477;1.124752477;1.124752477;7.142174538;7.142174538;7.142174538;7.142174538;1.488884582
68;C_int,eli;J/m2K;D;1976-1990;APARTMENT-BLOCK;360366;288000;288000;288000;288000;0;0;0;0;938671
68;h_ci,eli;W/m2K;D;1976-1990;APARTMENT-BLOCK;5;2.5;2.5;2.5;2.5;2.5;2.5;2.5;2.5;0.7
68;A_eli;m59;D;1976-1990;APARTMENT-BLOCK;276;367.92;131.4;367.92;131.4;136.08;48.6;136.08;48.6;240
68;a_sol;-;D;1976-1990;APARTMENT-BLOCK;0.6;0.6;0.6;0.6;0.6;0;0;0;0;0.6
68;fi_sky;W/m2K;D;1976-1990;APARTMENT-BLOCK;45.54;22.77;22.77;22.77;22.77;22.77;22.77;22.77;22.77;0
68;A_win;m59;D;1976-1990;APARTMENT-BLOCK;0;0;0;0;0;136.08;48.6;136.08;48.6;0
68;h_se,eli;W/m2K;D;1976-1990;APARTMENT-BLOCK;24.14;24.14;24.14;24.14;24.14;24.14;24.14;24.14;24.14;999
69;h_eli;W/m2K;D;1991-2005;SINGLE-FAMILY;1.299078532;0.758825321;0.758825321;0.758825321;0.758825321;7.142174538;7.142174538;7.142174538;7.142174538;1.201216384
69;C_int,eli;J/m2K;D;1991-2005;SINGLE-FAMILY;360549;328030.625;328030.625;328030.625;328030.625;0;0;0;0;518854
69;h_ci,eli;W/m2K;D;1991-2005;SINGLE-FAMILY;5;2.5;2.5;2.5;2.5;2.5;2.5;2.5;2.5;0.7
69;A_eli;m60;D;1991-2005;SINGLE-FAMILY;93.15;39.42;39.42;39.42;39.42;14.58;14.58;14.58;14.58;81
69;a_sol;-;D;1991-2005;SINGLE-FAMILY;0.6;0.6;0.6;0.6;0.6;0;0;0;0;0.6
69;fi_sky;W/m2K;D;1991-2005;SINGLE-FAMILY;45.54;22.77;22.77;22.77;22.77;22.77;22.77;22.77;22.77;0
69;A_win;m60;D;1991-2005;SINGLE-FAMILY;0;0;0;0;0;14.58;14.58;14.58;14.58;0
69;h_se,eli;W/m2K;D;1991-2005;SINGLE-FAMILY;24.14;24.14;24.14;24.14;24.14;24.14;24.14;24.14;24.14;999
70;h_eli;W/m2K;D;1991-2005;DOUBLE-FAMILY;1.299078532;0.758825321;0.758825321;0.758825321;0.758825321;7.142174538;7.142174538;7.142174538;7.142174538;1.201216384
70;C_int,eli;J/m2K;D;1991-2005;DOUBLE-FAMILY;360549;328030.625;328030.625;328030.625;328030.625;0;0;0;0;518854
70;h_ci,eli;W/m2K;D;1991-2005;DOUBLE-FAMILY;5;2.5;2.5;2.5;2.5;2.5;2.5;2.5;2.5;0.7
70;A_eli;m61;D;1991-2005;DOUBLE-FAMILY;139.15;48.18;48.18;48.18;48.18;17.82;17.82;17.82;17.82;121
70;a_sol;-;D;1991-2005;DOUBLE-FAMILY;0.6;0.6;0.6;0.6;0.6;0;0;0;0;0.6
70;fi_sky;W/m2K;D;1991-2005;DOUBLE-FAMILY;45.54;22.77;22.77;22.77;22.77;22.77;22.77;22.77;22.77;0
70;A_win;m61;D;1991-2005;DOUBLE-FAMILY;0;0;0;0;0;17.82;17.82;17.82;17.82;0
70;h_se,eli;W/m2K;D;1991-2005;DOUBLE-FAMILY;24.14;24.14;24.14;24.14;24.14;24.14;24.14;24.14;24.14;999
71;h_eli;W/m2K;D;1991-2005;MULTI-FAMILY;1.136019656;0.758825321;0.758825321;0.758825321;0.758825321;7.142174538;7.142174538;7.142174538;7.142174538;1.201216384
71;C_int,eli;J/m2K;D;1991-2005;MULTI-FAMILY;360732;328030.625;328030.625;328030.625;328030.625;0;0;0;0;518854
71;h_ci,eli;W/m2K;D;1991-2005;MULTI-FAMILY;5;2.5;2.5;2.5;2.5;2.5;2.5;2.5;2.5;0.7
71;A_eli;m62;D;1991-2005;MULTI-FAMILY;184;157.68;87.6;157.68;87.6;58.32;32.4;58.32;32.4;160
71;a_sol;-;D;1991-2005;MULTI-FAMILY;0.6;0.6;0.6;0.6;0.6;0;0;0;0;0.6
71;fi_sky;W/m2K;D;1991-2005;MULTI-FAMILY;45.54;22.77;22.77;22.77;22.77;22.77;22.77;22.77;22.77;0
71;A_win;m62;D;1991-2005;MULTI-FAMILY;0;0;0;0;0;58.32;32.4;58.32;32.4;0
71;h_se,eli;W/m2K;D;1991-2005;MULTI-FAMILY;24.14;24.14;24.14;24.14;24.14;24.14;24.14;24.14;24.14;999
72;h_eli;W/m2K;D;1991-2005;APARTMENT-BLOCK;1.136019656;0.758825321;0.758825321;0.758825321;0.758825321;7.142174538;7.142174538;7.142174538;7.142174538;1.201216384
72;C_int,eli;J/m2K;D;1991-2005;APARTMENT-BLOCK;360732;328030.625;328030.625;328030.625;328030.625;0;0;0;0;518854
72;h_ci,eli;W/m2K;D;1991-2005;APARTMENT-BLOCK;5;2.5;2.5;2.5;2.5;2.5;2.5;2.5;2.5;0.7
72;A_eli;m63;D;1991-2005;APARTMENT-BLOCK;276;367.92;131.4;367.92;131.4;136.08;48.6;136.08;48.6;240
72;a_sol;-;D;1991-2005;APARTMENT-BLOCK;0.6;0.6;0.6;0.6;0.6;0;0;0;0;0.6
72;fi_sky;W/m2K;D;1991-2005;APARTMENT-BLOCK;45.54;22.77;22.77;22.77;22.77;22.77;22.77;22.77;22.77;0
72;A_win;m63;D;1991-2005;APARTMENT-BLOCK;0;0;0;0;0;136.08;48.6;136.08;48.6;0
72;h_se,eli;W/m2K;D;1991-2005;APARTMENT-BLOCK;24.14;24.14;24.14;24.14;24.14;24.14;24.14;24.14;24.14;999
73;h_eli;W/m2K;D;2006-2011;SINGLE-FAMILY;0.370265135;0.435416958;0.435416958;0.435416958;0.435416958;4.714117862;4.714117862;4.714117862;4.714117862;0.42946593
73;C_int,eli;J/m2K;D;2006-2011;SINGLE-FAMILY;435660;414502.5;414502.5;414502.5;414502.5;0;0;0;0;861050
73;h_ci,eli;W/m2K;D;2006-2011;SINGLE-FAMILY;5;2.5;2.5;2.5;2.5;2.5;2.5;2.5;2.5;0.7
73;A_eli;m64;D;2006-2011;SINGLE-FAMILY;93.15;39.42;39.42;39.42;39.42;14.58;14.58;14.58;14.58;81
73;a_sol;-;D;2006-2011;SINGLE-FAMILY;0.6;0.6;0.6;0.6;0.6;0;0;0;0;0.6
73;fi_sky;W/m2K;D;2006-2011;SINGLE-FAMILY;45.54;22.77;22.77;22.77;22.77;22.77;22.77;22.77;22.77;0
73;A_win;m64;D;2006-2011;SINGLE-FAMILY;0;0;0;0;0;14.58;14.58;14.58;14.58;0
73;h_se,eli;W/m2K;D;2006-2011;SINGLE-FAMILY;24.14;24.14;24.14;24.14;24.14;24.14;24.14;24.14;24.14;999
74;h_eli;W/m2K;D;2006-2011;DOUBLE-FAMILY;0.370265135;0.435416958;0.435416958;0.435416958;0.435416958;4.714117862;4.714117862;4.714117862;4.714117862;0.42946593
74;C_int,eli;J/m2K;D;2006-2011;DOUBLE-FAMILY;435660;414502.5;414502.5;414502.5;414502.5;0;0;0;0;861050
74;h_ci,eli;W/m2K;D;2006-2011;DOUBLE-FAMILY;5;2.5;2.5;2.5;2.5;2.5;2.5;2.5;2.5;0.7
74;A_eli;m65;D;2006-2011;DOUBLE-FAMILY;139.15;48.18;48.18;48.18;48.18;17.82;17.82;17.82;17.82;121
74;a_sol;-;D;2006-2011;DOUBLE-FAMILY;0.6;0.6;0.6;0.6;0.6;0;0;0;0;0.6
74;fi_sky;W/m2K;D;2006-2011;DOUBLE-FAMILY;45.54;22.77;22.77;22.77;22.77;22.77;22.77;22.77;22.77;0
74;A_win;m65;D;2006-2011;DOUBLE-FAMILY;0;0;0;0;0;17.82;17.82;17.82;17.82;0
74;h_se,eli;W/m2K;D;2006-2011;DOUBLE-FAMILY;24.14;24.14;24.14;24.14;24.14;24.14;24.14;24.14;24.14;999
75;h_eli;W/m2K;D;2006-2011;MULTI-FAMILY;0.370265135;0.435416958;0.435416958;0.435416958;0.435416958;4.714117862;4.714117862;4.714117862;4.714117862;0.42946593
75;C_int,eli;J/m2K;D;2006-2011;MULTI-FAMILY;435660;414502.5;414502.5;414502.5;414502.5;0;0;0;0;861050
75;h_ci,eli;W/m2K;D;2006-2011;MULTI-FAMILY;5;2.5;2.5;2.5;2.5;2.5;2.5;2.5;2.5;0.7
75;A_eli;m66;D;2006-2011;MULTI-FAMILY;184;157.68;87.6;157.68;87.6;58.32;32.4;58.32;32.4;160
75;a_sol;-;D;2006-2011;MULTI-FAMILY;0.6;0.6;0.6;0.6;0.6;0;0;0;0;0.6
75;fi_sky;W/m2K;D;2006-2011;MULTI-FAMILY;45.54;22.77;22.77;22.77;22.77;22.77;22.77;22.77;22.77;0
75;A_win;m66;D;2006-2011;MULTI-FAMILY;0;0;0;0;0;58.32;32.4;58.32;32.4;0
75;h_se,eli;W/m2K;D;2006-2011;MULTI-FAMILY;24.14;24.14;24.14;24.14;24.14;24.14;24.14;24.14;24.14;999
76;h_eli;W/m2K;D;2006-2011;APARTMENT-BLOCK;0.370265135;0.435416958;0.435416958;0.435416958;0.435416958;4.714117862;4.714117862;4.714117862;4.714117862;0.42946593
76;C_int,eli;J/m2K;D;2006-2011;APARTMENT-BLOCK;435660;414502.5;414502.5;414502.5;414502.5;0;0;0;0;861050
76;h_ci,eli;W/m2K;D;2006-2011;APARTMENT-BLOCK;5;2.5;2.5;2.5;2.5;2.5;2.5;2.5;2.5;0.7
76;A_eli;m67;D;2006-2011;APARTMENT-BLOCK;276;367.92;131.4;367.92;131.4;136.08;48.6;136.08;48.6;240
76;a_sol;-;D;2006-2011;APARTMENT-BLOCK;0.6;0.6;0.6;0.6;0.6;0;0;0;0;0.6
76;fi_sky;W/m2K;D;2006-2011;APARTMENT-BLOCK;45.54;22.77;22.77;22.77;22.77;22.77;22.77;22.77;22.77;0
76;A_win;m67;D;2006-2011;APARTMENT-BLOCK;0;0;0;0;0;136.08;48.6;136.08;48.6;0
76;h_se,eli;W/m2K;D;2006-2011;APARTMENT-BLOCK;24.14;24.14;24.14;24.14;24.14;24.14;24.14;24.14;24.14;999
77;h_eli;W/m2K;D;NZEB;SINGLE-FAMILY;0.26983182;0.305269944;0.305269944;0.305269944;0.305269944;2.610496196;2.610496196;2.610496196;2.610496196;0.305180505
77;C_int,eli;J/m2K;D;NZEB;SINGLE-FAMILY;435660;414502.5;414502.5;414502.5;414502.5;0;0;0;0;861050
77;h_ci,eli;W/m2K;D;NZEB;SINGLE-FAMILY;5;2.5;2.5;2.5;2.5;2.5;2.5;2.5;2.5;0.7
77;A_eli;m68;D;NZEB;SINGLE-FAMILY;93.15;39.42;39.42;39.42;39.42;14.58;14.58;14.58;14.58;81
77;a_sol;-;D;NZEB;SINGLE-FAMILY;0.6;0.6;0.6;0.6;0.6;0;0;0;0;0.6
77;fi_sky;W/m2K;D;NZEB;SINGLE-FAMILY;45.54;22.77;22.77;22.77;22.77;22.77;22.77;22.77;22.77;0
77;A_win;m68;D;NZEB;SINGLE-FAMILY;0;0;0;0;0;14.58;14.58;14.58;14.58;0
77;h_se,eli;W/m2K;D;NZEB;SINGLE-FAMILY;24.14;24.14;24.14;24.14;24.14;24.14;24.14;24.14;24.14;999
78;h_eli;W/m2K;D;NZEB;DOUBLE-FAMILY;0.26983182;0.305269944;0.305269944;0.305269944;0.305269944;2.610496196;2.610496196;2.610496196;2.610496196;0.305180505
78;C_int,eli;J/m2K;D;NZEB;DOUBLE-FAMILY;435660;414502.5;414502.5;414502.5;414502.5;0;0;0;0;861050
78;h_ci,eli;W/m2K;D;NZEB;DOUBLE-FAMILY;5;2.5;2.5;2.5;2.5;2.5;2.5;2.5;2.5;0.7
78;A_eli;m69;D;NZEB;DOUBLE-FAMILY;139.15;48.18;48.18;48.18;48.18;17.82;17.82;17.82;17.82;121
78;a_sol;-;D;NZEB;DOUBLE-FAMILY;0.6;0.6;0.6;0.6;0.6;0;0;0;0;0.6
78;fi_sky;W/m2K;D;NZEB;DOUBLE-FAMILY;45.54;22.77;22.77;22.77;22.77;22.77;22.77;22.77;22.77;0
78;A_win;m69;D;NZEB;DOUBLE-FAMILY;0;0;0;0;0;17.82;17.82;17.82;17.82;0
78;h_se,eli;W/m2K;D;NZEB;DOUBLE-FAMILY;24.14;24.14;24.14;24.14;24.14;24.14;24.14;24.14;24.14;999
79;h_eli;W/m2K;D;NZEB;MULTI-FAMILY;0.26983182;0.305269944;0.305269944;0.305269944;0.305269944;2.610496196;2.610496196;2.610496196;2.610496196;0.305180505
79;C_int,eli;J/m2K;D;NZEB;MULTI-FAMILY;435660;414502.5;414502.5;414502.5;414502.5;0;0;0;0;861050
79;h_ci,eli;W/m2K;D;NZEB;MULTI-FAMILY;5;2.5;2.5;2.5;2.5;2.5;2.5;2.5;2.5;0.7
79;A_eli;m70;D;NZEB;MULTI-FAMILY;184;157.68;87.6;157.68;87.6;58.32;32.4;58.32;32.4;160
79;a_sol;-;D;NZEB;MULTI-FAMILY;0.6;0.6;0.6;0.6;0.6;0;0;0;0;0.6
79;fi_sky;W/m2K;D;NZEB;MULTI-FAMILY;45.54;22.77;22.77;22.77;22.77;22.77;22.77;22.77;22.77;0
79;A_win;m70;D;NZEB;MULTI-FAMILY;0;0;0;0;0;58.32;32.4;58.32;32.4;0
79;h_se,eli;W/m2K;D;NZEB;MULTI-FAMILY;24.14;24.14;24.14;24.14;24.14;24.14;24.14;24.14;24.14;999
80;h_eli;W/m2K;D;NZEB;APARTMENT-BLOCK;0.26983182;0.305269944;0.305269944;0.305269944;0.305269944;2.610496196;2.610496196;2.610496196;2.610496196;0.305180505
80;C_int,eli;J/m2K;D;NZEB;APARTMENT-BLOCK;435660;414502.5;414502.5;414502.5;414502.5;0;0;0;0;861050
80;h_ci,eli;W/m2K;D;NZEB;APARTMENT-BLOCK;5;2.5;2.5;2.5;2.5;2.5;2.5;2.5;2.5;0.7
80;A_eli;m71;D;NZEB;APARTMENT-BLOCK;276;367.92;131.4;367.92;131.4;136.08;48.6;136.08;48.6;240
80;a_sol;-;D;NZEB;APARTMENT-BLOCK;0.6;0.6;0.6;0.6;0.6;0;0;0;0;0.6
80;fi_sky;W/m2K;D;NZEB;APARTMENT-BLOCK;45.54;22.77;22.77;22.77;22.77;22.77;22.77;22.77;22.77;0
80;A_win;m71;D;NZEB;APARTMENT-BLOCK;0;0;0;0;0;136.08;48.6;136.08;48.6;0
80;h_se,eli;W/m2K;D;NZEB;APARTMENT-BLOCK;24.14;24.14;24.14;24.14;24.14;24.14;24.14;24.14;24.14;999
81;h_eli;W/m2K;E;<1975;SINGLE-FAMILY;2.292383564;1.778513726;1.778513726;1.778513726;1.778513726;22.26939142;22.26939142;22.26939142;22.26939142;2.224241706
81;C_int,eli;J/m2K;E;<1975;SINGLE-FAMILY;360000;730000;730000;730000;730000;0;0;0;0;938305
81;h_ci,eli;W/m2K;E;<1975;SINGLE-FAMILY;5;2.5;2.5;2.5;2.5;2.5;2.5;2.5;2.5;0.7
81;A_eli;m72;E;<1975;SINGLE-FAMILY;93.15;43.2;43.2;43.2;43.2;10.8;10.8;10.8;10.8;81
81;a_sol;-;E;<1975;SINGLE-FAMILY;0.6;0.6;0.6;0.6;0.6;0;0;0;0;0.6
81;fi_sky;W/m2K;E;<1975;SINGLE-FAMILY;45.54;22.77;22.77;22.77;22.77;22.77;22.77;22.77;22.77;0
81;A_win;m72;E;<1975;SINGLE-FAMILY;0;0;0;0;0;10.8;10.8;10.8;10.8;0
81;h_se,eli;W/m2K;E;<1975;SINGLE-FAMILY;24.14;24.14;24.14;24.14;24.14;24.14;24.14;24.14;24.14;999
82;h_eli;W/m2K;E;<1975;DOUBLE-FAMILY;2.292383564;1.778513726;1.778513726;1.778513726;1.778513726;22.26939142;22.26939142;22.26939142;22.26939142;2.224241706
82;C_int,eli;J/m2K;E;<1975;DOUBLE-FAMILY;360000;730000;730000;730000;730000;0;0;0;0;938305
82;h_ci,eli;W/m2K;E;<1975;DOUBLE-FAMILY;5;2.5;2.5;2.5;2.5;2.5;2.5;2.5;2.5;0.7
82;A_eli;m73;E;<1975;DOUBLE-FAMILY;139.15;52.8;52.8;52.8;52.8;13.2;13.2;13.2;13.2;121
82;a_sol;-;E;<1975;DOUBLE-FAMILY;0.6;0.6;0.6;0.6;0.6;0;0;0;0;0.6
82;fi_sky;W/m2K;E;<1975;DOUBLE-FAMILY;45.54;22.77;22.77;22.77;22.77;22.77;22.77;22.77;22.77;0
82;A_win;m73;E;<1975;DOUBLE-FAMILY;0;0;0;0;0;13.2;13.2;13.2;13.2;0
82;h_se,eli;W/m2K;E;<1975;DOUBLE-FAMILY;24.14;24.14;24.14;24.14;24.14;24.14;24.14;24.14;24.14;999
83;h_eli;W/m2K;E;<1975;MULTI-FAMILY;1.945977588;1.321210941;1.321210941;1.321210941;1.321210941;22.26939142;22.26939142;22.26939142;22.26939142;2.028705202
83;C_int,eli;J/m2K;E;<1975;MULTI-FAMILY;512000;982000;982000;982000;982000;0;0;0;0;1038305
83;h_ci,eli;W/m2K;E;<1975;MULTI-FAMILY;5;2.5;2.5;2.5;2.5;2.5;2.5;2.5;2.5;0.7
83;A_eli;m74;E;<1975;MULTI-FAMILY;184;172.8;96;172.8;96;43.2;24;43.2;24;160
83;a_sol;-;E;<1975;MULTI-FAMILY;0.6;0.6;0.6;0.6;0.6;0;0;0;0;0.6
83;fi_sky;W/m2K;E;<1975;MULTI-FAMILY;45.54;22.77;22.77;22.77;22.77;22.77;22.77;22.77;22.77;0
83;A_win;m74;E;<1975;MULTI-FAMILY;0;0;0;0;0;43.2;24;43.2;24;0
83;h_se,eli;W/m2K;E;<1975;MULTI-FAMILY;24.14;24.14;24.14;24.14;24.14;24.14;24.14;24.14;24.14;999
84;h_eli;W/m2K;E;<1975;APARTMENT-BLOCK;1.945977588;1.321210941;1.321210941;1.321210941;1.321210941;22.26939142;22.26939142;22.26939142;22.26939142;2.028705202
84;C_int,eli;J/m2K;E;<1975;APARTMENT-BLOCK;512000;982000;982000;982000;982000;0;0;0;0;1038305
84;h_ci,eli;W/m2K;E;<1975;APARTMENT-BLOCK;5;2.5;2.5;2.5;2.5;2.5;2.5;2.5;2.5;0.7
84;A_eli;m75;E;<1975;APARTMENT-BLOCK;276;403.2;144;403.2;144;100.8;36;100.8;36;240
84;a_sol;-;E;<1975;APARTMENT-BLOCK;0.6;0.6;0.6;0.6;0.6;0;0;0;0;0.6
84;fi_sky;W/m2K;E;<1975;APARTMENT-BLOCK;45.54;22.77;22.77;22.77;22.77;22.77;22.77;22.77;22.77;0
84;A_win;m75;E;<1975;APARTMENT-BLOCK;0;0;0;0;0;100.8;36;100.8;36;0
84;h_se,eli;W/m2K;E;<1975;APARTMENT-BLOCK;24.14;24.14;24.14;24.14;24.14;24.14;24.14;24.14;24.14;999
85;h_eli;W/m2K;E;1976-1990;SINGLE-FAMILY;1.136019656;0.763944939;0.763944939;0.763944939;0.763944939;7.142174538;7.142174538;7.142174538;7.142174538;1.594399301
85;C_int,eli;J/m2K;E;1976-1990;SINGLE-FAMILY;360732;400000;400000;400000;400000;0;0;0;0;938597.8
85;h_ci,eli;W/m2K;E;1976-1990;SINGLE-FAMILY;5;2.5;2.5;2.5;2.5;2.5;2.5;2.5;2.5;0.7
85;A_eli;m76;E;1976-1990;SINGLE-FAMILY;93.15;39.42;39.42;39.42;39.42;14.58;14.58;14.58;14.58;81
85;a_sol;-;E;1976-1990;SINGLE-FAMILY;0.6;0.6;0.6;0.6;0.6;0;0;0;0;0.6
85;fi_sky;W/m2K;E;1976-1990;SINGLE-FAMILY;45.54;22.77;22.77;22.77;22.77;22.77;22.77;22.77;22.77;0
85;A_win;m76;E;1976-1990;SINGLE-FAMILY;0;0;0;0;0;14.58;14.58;14.58;14.58;0
85;h_se,eli;W/m2K;E;1976-1990;SINGLE-FAMILY;24.14;24.14;24.14;24.14;24.14;24.14;24.14;24.14;24.14;999
86;h_eli;W/m2K;E;1976-1990;DOUBLE-FAMILY;1.136019656;0.763944939;0.763944939;0.763944939;0.763944939;7.142174538;7.142174538;7.142174538;7.142174538;1.594399301
86;C_int,eli;J/m2K;E;1976-1990;DOUBLE-FAMILY;360732;400000;400000;400000;400000;0;0;0;0;938597.8
86;h_ci,eli;W/m2K;E;1976-1990;DOUBLE-FAMILY;5;2.5;2.5;2.5;2.5;2.5;2.5;2.5;2.5;0.7
86;A_eli;m77;E;1976-1990;DOUBLE-FAMILY;139.15;48.18;48.18;48.18;48.18;17.82;17.82;17.82;17.82;121
86;a_sol;-;E;1976-1990;DOUBLE-FAMILY;0.6;0.6;0.6;0.6;0.6;0;0;0;0;0.6
86;fi_sky;W/m2K;E;1976-1990;DOUBLE-FAMILY;45.54;22.77;22.77;22.77;22.77;22.77;22.77;22.77;22.77;0
86;A_win;m77;E;1976-1990;DOUBLE-FAMILY;0;0;0;0;0;17.82;17.82;17.82;17.82;0
86;h_se,eli;W/m2K;E;1976-1990;DOUBLE-FAMILY;24.14;24.14;24.14;24.14;24.14;24.14;24.14;24.14;24.14;999
87;h_eli;W/m2K;E;1976-1990;MULTI-FAMILY;0.907363354;0.763944939;0.763944939;0.763944939;0.763944939;7.142174538;7.142174538;7.142174538;7.142174538;1.488884582
87;C_int,eli;J/m2K;E;1976-1990;MULTI-FAMILY;433098;400000;400000;400000;400000;0;0;0;0;938671
87;h_ci,eli;W/m2K;E;1976-1990;MULTI-FAMILY;5;2.5;2.5;2.5;2.5;2.5;2.5;2.5;2.5;0.7
87;A_eli;m78;E;1976-1990;MULTI-FAMILY;184;157.68;87.6;157.68;87.6;58.32;32.4;58.32;32.4;160
87;a_sol;-;E;1976-1990;MULTI-FAMILY;0.6;0.6;0.6;0.6;0.6;0;0;0;0;0.6
87;fi_sky;W/m2K;E;1976-1990;MULTI-FAMILY;45.54;22.77;22.77;22.77;22.77;22.77;22.77;22.77;22.77;0
87;A_win;m78;E;1976-1990;MULTI-FAMILY;0;0;0;0;0;58.32;32.4;58.32;32.4;0
87;h_se,eli;W/m2K;E;1976-1990;MULTI-FAMILY;24.14;24.14;24.14;24.14;24.14;24.14;24.14;24.14;24.14;999
88;h_eli;W/m2K;E;1976-1990;APARTMENT-BLOCK;0.907363354;0.763944939;0.763944939;0.763944939;0.763944939;7.142174538;7.142174538;7.142174538;7.142174538;1.488884582
88;C_int,eli;J/m2K;E;1976-1990;APARTMENT-BLOCK;433098;400000;400000;400000;400000;0;0;0;0;938671
88;h_ci,eli;W/m2K;E;1976-1990;APARTMENT-BLOCK;5;2.5;2.5;2.5;2.5;2.5;2.5;2.5;2.5;0.7
88;A_eli;m79;E;1976-1990;APARTMENT-BLOCK;276;367.92;131.4;367.92;131.4;136.08;48.6;136.08;48.6;240
88;a_sol;-;E;1976-1990;APARTMENT-BLOCK;0.6;0.6;0.6;0.6;0.6;0;0;0;0;0.6
88;fi_sky;W/m2K;E;1976-1990;APARTMENT-BLOCK;45.54;22.77;22.77;22.77;22.77;22.77;22.77;22.77;22.77;0
88;A_win;m79;E;1976-1990;APARTMENT-BLOCK;0;0;0;0;0;136.08;48.6;136.08;48.6;0
88;h_se,eli;W/m2K;E;1976-1990;APARTMENT-BLOCK;24.14;24.14;24.14;24.14;24.14;24.14;24.14;24.14;24.14;999
89;h_eli;W/m2K;E;1991-2005;SINGLE-FAMILY;0.8243763;0.700518828;0.700518828;0.700518828;0.700518828;7.142174538;7.142174538;7.142174538;7.142174538;0.948799362
89;C_int,eli;J/m2K;E;1991-2005;SINGLE-FAMILY;361281;360030.625;360030.625;360030.625;360030.625;0;0;0;0;519220
89;h_ci,eli;W/m2K;E;1991-2005;SINGLE-FAMILY;5;2.5;2.5;2.5;2.5;2.5;2.5;2.5;2.5;0.7
89;A_eli;m80;E;1991-2005;SINGLE-FAMILY;93.15;39.42;39.42;39.42;39.42;14.58;14.58;14.58;14.58;81
89;a_sol;-;E;1991-2005;SINGLE-FAMILY;0.6;0.6;0.6;0.6;0.6;0;0;0;0;0.6
89;fi_sky;W/m2K;E;1991-2005;SINGLE-FAMILY;45.54;22.77;22.77;22.77;22.77;22.77;22.77;22.77;22.77;0
89;A_win;m80;E;1991-2005;SINGLE-FAMILY;0;0;0;0;0;14.58;14.58;14.58;14.58;0
89;h_se,eli;W/m2K;E;1991-2005;SINGLE-FAMILY;24.14;24.14;24.14;24.14;24.14;24.14;24.14;24.14;24.14;999
90;h_eli;W/m2K;E;1991-2005;DOUBLE-FAMILY;0.8243763;0.700518828;0.700518828;0.700518828;0.700518828;7.142174538;7.142174538;7.142174538;7.142174538;0.948799362
90;C_int,eli;J/m2K;E;1991-2005;DOUBLE-FAMILY;361281;360030.625;360030.625;360030.625;360030.625;0;0;0;0;519220
90;h_ci,eli;W/m2K;E;1991-2005;DOUBLE-FAMILY;5;2.5;2.5;2.5;2.5;2.5;2.5;2.5;2.5;0.7
90;A_eli;m81;E;1991-2005;DOUBLE-FAMILY;139.15;48.18;48.18;48.18;48.18;17.82;17.82;17.82;17.82;121
90;a_sol;-;E;1991-2005;DOUBLE-FAMILY;0.6;0.6;0.6;0.6;0.6;0;0;0;0;0.6
90;fi_sky;W/m2K;E;1991-2005;DOUBLE-FAMILY;45.54;22.77;22.77;22.77;22.77;22.77;22.77;22.77;22.77;0
90;A_win;m81;E;1991-2005;DOUBLE-FAMILY;0;0;0;0;0;17.82;17.82;17.82;17.82;0
90;h_se,eli;W/m2K;E;1991-2005;DOUBLE-FAMILY;24.14;24.14;24.14;24.14;24.14;24.14;24.14;24.14;24.14;999
91;h_eli;W/m2K;E;1991-2005;MULTI-FAMILY;0.755294346;0.700518828;0.700518828;0.700518828;0.700518828;7.142174538;7.142174538;7.142174538;7.142174538;0.948799362
91;C_int,eli;J/m2K;E;1991-2005;MULTI-FAMILY;433464;360030.625;360030.625;360030.625;360030.625;0;0;0;0;519220
91;h_ci,eli;W/m2K;E;1991-2005;MULTI-FAMILY;5;2.5;2.5;2.5;2.5;2.5;2.5;2.5;2.5;0.7
91;A_eli;m82;E;1991-2005;MULTI-FAMILY;184;157.68;87.6;157.68;87.6;58.32;32.4;58.32;32.4;160
91;a_sol;-;E;1991-2005;MULTI-FAMILY;0.6;0.6;0.6;0.6;0.6;0;0;0;0;0.6
91;fi_sky;W/m2K;E;1991-2005;MULTI-FAMILY;45.54;22.77;22.77;22.77;22.77;22.77;22.77;22.77;22.77;0
91;A_win;m82;E;1991-2005;MULTI-FAMILY;0;0;0;0;0;58.32;32.4;58.32;32.4;0
91;h_se,eli;W/m2K;E;1991-2005;MULTI-FAMILY;24.14;24.14;24.14;24.14;24.14;24.14;24.14;24.14;24.14;999
92;h_eli;W/m2K;E;1991-2005;APARTMENT-BLOCK;0.755294346;0.700518828;0.700518828;0.700518828;0.700518828;7.142174538;7.142174538;7.142174538;7.142174538;0.948799362
92;C_int,eli;J/m2K;E;1991-2005;APARTMENT-BLOCK;433464;360030.625;360030.625;360030.625;360030.625;0;0;0;0;519220
92;h_ci,eli;W/m2K;E;1991-2005;APARTMENT-BLOCK;5;2.5;2.5;2.5;2.5;2.5;2.5;2.5;2.5;0.7
92;A_eli;m83;E;1991-2005;APARTMENT-BLOCK;276;367.92;131.4;367.92;131.4;136.08;48.6;136.08;48.6;240
92;a_sol;-;E;1991-2005;APARTMENT-BLOCK;0.6;0.6;0.6;0.6;0.6;0;0;0;0;0.6
92;fi_sky;W/m2K;E;1991-2005;APARTMENT-BLOCK;45.54;22.77;22.77;22.77;22.77;22.77;22.77;22.77;22.77;0
92;A_win;m83;E;1991-2005;APARTMENT-BLOCK;0;0;0;0;0;136.08;48.6;136.08;48.6;0
92;h_se,eli;W/m2K;E;1991-2005;APARTMENT-BLOCK;24.14;24.14;24.14;24.14;24.14;24.14;24.14;24.14;24.14;999
93;h_eli;W/m2K;E;2006-2011;SINGLE-FAMILY;0.318618793;0.372487168;0.372487168;0.372487168;0.372487168;3.545359607;3.545359607;3.545359607;3.545359607;0.361056466
93;C_int,eli;J/m2K;E;2006-2011;SINGLE-FAMILY;436392;414804;414804;414804;414804;0;0;0;0;861782
93;h_ci,eli;W/m2K;E;2006-2011;SINGLE-FAMILY;5;2.5;2.5;2.5;2.5;2.5;2.5;2.5;2.5;0.7
93;A_eli;m84;E;2006-2011;SINGLE-FAMILY;93.15;39.42;39.42;39.42;39.42;14.58;14.58;14.58;14.58;81
93;a_sol;-;E;2006-2011;SINGLE-FAMILY;0.6;0.6;0.6;0.6;0.6;0;0;0;0;0.6
93;fi_sky;W/m2K;E;2006-2011;SINGLE-FAMILY;45.54;22.77;22.77;22.77;22.77;22.77;22.77;22.77;22.77;0
93;A_win;m84;E;2006-2011;SINGLE-FAMILY;0;0;0;0;0;14.58;14.58;14.58;14.58;0
93;h_se,eli;W/m2K;E;2006-2011;SINGLE-FAMILY;24.14;24.14;24.14;24.14;24.14;24.14;24.14;24.14;24.14;999
94;h_eli;W/m2K;E;2006-2011;DOUBLE-FAMILY;0.318618793;0.372487168;0.372487168;0.372487168;0.372487168;3.545359607;3.545359607;3.545359607;3.545359607;0.361056466
94;C_int,eli;J/m2K;E;2006-2011;DOUBLE-FAMILY;436392;414804;414804;414804;414804;0;0;0;0;861782
94;h_ci,eli;W/m2K;E;2006-2011;DOUBLE-FAMILY;5;2.5;2.5;2.5;2.5;2.5;2.5;2.5;2.5;0.7
94;A_eli;m85;E;2006-2011;DOUBLE-FAMILY;139.15;48.18;48.18;48.18;48.18;17.82;17.82;17.82;17.82;121
94;a_sol;-;E;2006-2011;DOUBLE-FAMILY;0.6;0.6;0.6;0.6;0.6;0;0;0;0;0.6
94;fi_sky;W/m2K;E;2006-2011;DOUBLE-FAMILY;45.54;22.77;22.77;22.77;22.77;22.77;22.77;22.77;22.77;0
94;A_win;m85;E;2006-2011;DOUBLE-FAMILY;0;0;0;0;0;17.82;17.82;17.82;17.82;0
94;h_se,eli;W/m2K;E;2006-2011;DOUBLE-FAMILY;24.14;24.14;24.14;24.14;24.14;24.14;24.14;24.14;24.14;999
95;h_eli;W/m2K;E;2006-2011;MULTI-FAMILY;0.318618793;0.372487168;0.372487168;0.372487168;0.372487168;3.545359607;3.545359607;3.545359607;3.545359607;0.361056466
95;C_int,eli;J/m2K;E;2006-2011;MULTI-FAMILY;436392;414804;414804;414804;414804;0;0;0;0;861782
95;h_ci,eli;W/m2K;E;2006-2011;MULTI-FAMILY;5;2.5;2.5;2.5;2.5;2.5;2.5;2.5;2.5;0.7
95;A_eli;m86;E;2006-2011;MULTI-FAMILY;184;157.68;87.6;157.68;87.6;58.32;32.4;58.32;32.4;160
95;a_sol;-;E;2006-2011;MULTI-FAMILY;0.6;0.6;0.6;0.6;0.6;0;0;0;0;0.6
95;fi_sky;W/m2K;E;2006-2011;MULTI-FAMILY;45.54;22.77;22.77;22.77;22.77;22.77;22.77;22.77;22.77;0
95;A_win;m86;E;2006-2011;MULTI-FAMILY;0;0;0;0;0;58.32;32.4;58.32;32.4;0
95;h_se,eli;W/m2K;E;2006-2011;MULTI-FAMILY;24.14;24.14;24.14;24.14;24.14;24.14;24.14;24.14;24.14;999
96;h_eli;W/m2K;E;2006-2011;APARTMENT-BLOCK;0.318618793;0.372487168;0.372487168;0.372487168;0.372487168;3.545359607;3.545359607;3.545359607;3.545359607;0.361056466
96;C_int,eli;J/m2K;E;2006-2011;APARTMENT-BLOCK;436392;414804;414804;414804;414804;0;0;0;0;861782
96;h_ci,eli;W/m2K;E;2006-2011;APARTMENT-BLOCK;5;2.5;2.5;2.5;2.5;2.5;2.5;2.5;2.5;0.7
96;A_eli;m87;E;2006-2011;APARTMENT-BLOCK;276;367.92;131.4;367.92;131.4;136.08;48.6;136.08;48.6;240
96;a_sol;-;E;2006-2011;APARTMENT-BLOCK;0.6;0.6;0.6;0.6;0.6;0;0;0;0;0.6
96;fi_sky;W/m2K;E;2006-2011;APARTMENT-BLOCK;45.54;22.77;22.77;22.77;22.77;22.77;22.77;22.77;22.77;0
96;A_win;m87;E;2006-2011;APARTMENT-BLOCK;0;0;0;0;0;136.08;48.6;136.08;48.6;0
96;h_se,eli;W/m2K;E;2006-2011;APARTMENT-BLOCK;24.14;24.14;24.14;24.14;24.14;24.14;24.14;24.14;24.14;999
97;h_eli;W/m2K;E;NZEB;SINGLE-FAMILY;0.226998635;0.272207562;0.272207562;0.272207562;0.272207562;1.845702604;1.845702604;1.845702604;1.845702604;0.272136445
97;C_int,eli;J/m2K;E;NZEB;SINGLE-FAMILY;436392;414804;414804;414804;414804;0;0;0;0;861782
97;h_ci,eli;W/m2K;E;NZEB;SINGLE-FAMILY;5;2.5;2.5;2.5;2.5;2.5;2.5;2.5;2.5;0.7
97;A_eli;m88;E;NZEB;SINGLE-FAMILY;93.15;39.42;39.42;39.42;39.42;14.58;14.58;14.58;14.58;81
97;a_sol;-;E;NZEB;SINGLE-FAMILY;0.6;0.6;0.6;0.6;0.6;0;0;0;0;0.6
97;fi_sky;W/m2K;E;NZEB;SINGLE-FAMILY;45.54;22.77;22.77;22.77;22.77;22.77;22.77;22.77;22.77;0
97;A_win;m88;E;NZEB;SINGLE-FAMILY;0;0;0;0;0;14.58;14.58;14.58;14.58;0
97;h_se,eli;W/m2K;E;NZEB;SINGLE-FAMILY;24.14;24.14;24.14;24.14;24.14;24.14;24.14;24.14;24.14;999
98;h_eli;W/m2K;E;NZEB;DOUBLE-FAMILY;0.226998635;0.272207562;0.272207562;0.272207562;0.272207562;1.845702604;1.845702604;1.845702604;1.845702604;0.272136445
98;C_int,eli;J/m2K;E;NZEB;DOUBLE-FAMILY;436392;414804;414804;414804;414804;0;0;0;0;861782
98;h_ci,eli;W/m2K;E;NZEB;DOUBLE-FAMILY;5;2.5;2.5;2.5;2.5;2.5;2.5;2.5;2.5;0.7
98;A_eli;m89;E;NZEB;DOUBLE-FAMILY;139.15;48.18;48.18;48.18;48.18;17.82;17.82;17.82;17.82;121
98;a_sol;-;E;NZEB;DOUBLE-FAMILY;0.6;0.6;0.6;0.6;0.6;0;0;0;0;0.6
98;fi_sky;W/m2K;E;NZEB;DOUBLE-FAMILY;45.54;22.77;22.77;22.77;22.77;22.77;22.77;22.77;22.77;0
98;A_win;m89;E;NZEB;DOUBLE-FAMILY;0;0;0;0;0;17.82;17.82;17.82;17.82;0
98;h_se,eli;W/m2K;E;NZEB;DOUBLE-FAMILY;24.14;24.14;24.14;24.14;24.14;24.14;24.14;24.14;24.14;999
99;h_eli;W/m2K;E;NZEB;MULTI-FAMILY;0.226998635;0.272207562;0.272207562;0.272207562;0.272207562;1.845702604;1.845702604;1.845702604;1.845702604;0.272136445
99;C_int,eli;J/m2K;E;NZEB;MULTI-FAMILY;436392;414804;414804;414804;414804;0;0;0;0;861782
99;h_ci,eli;W/m2K;E;NZEB;MULTI-FAMILY;5;2.5;2.5;2.5;2.5;2.5;2.5;2.5;2.5;0.7
99;A_eli;m90;E;NZEB;MULTI-FAMILY;184;157.68;87.6;157.68;87.6;58.32;32.4;58.32;32.4;160
99;a_sol;-;E;NZEB;MULTI-FAMILY;0.6;0.6;0.6;0.6;0.6;0;0;0;0;0.6
99;fi_sky;W/m2K;E;NZEB;MULTI-FAMILY;45.54;22.77;22.77;22.77;22.77;22.77;22.77;22.77;22.77;0
99;A_win;m90;E;NZEB;MULTI-FAMILY;0;0;0;0;0;58.32;32.4;58.32;32.4;0
99;h_se,eli;W/m2K;E;NZEB;MULTI-FAMILY;24.14;24.14;24.14;24.14;24.14;24.14;24.14;24.14;24.14;999
100;h_eli;W/m2K;E;NZEB;APARTMENT-BLOCK;0.226998635;0.272207562;0.272207562;0.272207562;0.272207562;1.845702604;1.845702604;1.845702604;1.845702604;0.272136445
100;C_int,eli;J/m2K;E;NZEB;APARTMENT-BLOCK;436392;414804;414804;414804;414804;0;0;0;0;861782
100;h_ci,eli;W/m2K;E;NZEB;APARTMENT-BLOCK;5;2.5;2.5;2.5;2.5;2.5;2.5;2.5;2.5;0.7
100;A_eli;m91;E;NZEB;APARTMENT-BLOCK;276;367.92;131.4;367.92;131.4;136.08;48.6;136.08;48.6;240
100;a_sol;-;E;NZEB;APARTMENT-BLOCK;0.6;0.6;0.6;0.6;0.6;0;0;0;0;0.6
100;fi_sky;W/m2K;E;NZEB;APARTMENT-BLOCK;45.54;22.77;22.77;22.77;22.77;22.77;22.77;22.77;22.77;0
100;A_win;m91;E;NZEB;APARTMENT-BLOCK;0;0;0;0;0;136.08;48.6;136.08;48.6;0
100;h_se,eli;W/m2K;E;NZEB;APARTMENT-BLOCK;24.14;24.14;24.14;24.14;24.14;24.14;24.14;24.14;24.14;999
101;h_eli;W/m2K;F;<1975;SINGLE-FAMILY;2.292383564;1.778513726;1.778513726;1.778513726;1.778513726;22.26939142;22.26939142;22.26939142;22.26939142;2.224241706
101;C_int,eli;J/m2K;F;<1975;SINGLE-FAMILY;360000;730000;730000;730000;730000;0;0;0;0;938305
101;h_ci,eli;W/m2K;F;<1975;SINGLE-FAMILY;5;2.5;2.5;2.5;2.5;2.5;2.5;2.5;2.5;0.7
101;A_eli;m92;F;<1975;SINGLE-FAMILY;93.15;43.2;43.2;43.2;43.2;10.8;10.8;10.8;10.8;81
101;a_sol;-;F;<1975;SINGLE-FAMILY;0.6;0.6;0.6;0.6;0.6;0;0;0;0;0.6
101;fi_sky;W/m2K;F;<1975;SINGLE-FAMILY;45.54;22.77;22.77;22.77;22.77;22.77;22.77;22.77;22.77;0
101;A_win;m92;F;<1975;SINGLE-FAMILY;0;0;0;0;0;10.8;10.8;10.8;10.8;0
101;h_se,eli;W/m2K;F;<1975;SINGLE-FAMILY;24.14;24.14;24.14;24.14;24.14;24.14;24.14;24.14;24.14;999
102;h_eli;W/m2K;F;<1975;DOUBLE-FAMILY;2.292383564;1.778513726;1.778513726;1.778513726;1.778513726;22.26939142;22.26939142;22.26939142;22.26939142;2.224241706
102;C_int,eli;J/m2K;F;<1975;DOUBLE-FAMILY;360000;730000;730000;730000;730000;0;0;0;0;938305
102;h_ci,eli;W/m2K;F;<1975;DOUBLE-FAMILY;5;2.5;2.5;2.5;2.5;2.5;2.5;2.5;2.5;0.7
102;A_eli;m93;F;<1975;DOUBLE-FAMILY;139.15;52.8;52.8;52.8;52.8;13.2;13.2;13.2;13.2;121
102;a_sol;-;F;<1975;DOUBLE-FAMILY;0.6;0.6;0.6;0.6;0.6;0;0;0;0;0.6
102;fi_sky;W/m2K;F;<1975;DOUBLE-FAMILY;45.54;22.77;22.77;22.77;22.77;22.77;22.77;22.77;22.77;0
102;A_win;m93;F;<1975;DOUBLE-FAMILY;0;0;0;0;0;13.2;13.2;13.2;13.2;0
102;h_se,eli;W/m2K;F;<1975;DOUBLE-FAMILY;24.14;24.14;24.14;24.14;24.14;24.14;24.14;24.14;24.14;999
103;h_eli;W/m2K;F;<1975;MULTI-FAMILY;1.945977588;1.321210941;1.321210941;1.321210941;1.321210941;22.26939142;22.26939142;22.26939142;22.26939142;2.028705202
103;C_int,eli;J/m2K;F;<1975;MULTI-FAMILY;512000;982000;982000;982000;982000;0;0;0;0;1038305
103;h_ci,eli;W/m2K;F;<1975;MULTI-FAMILY;5;2.5;2.5;2.5;2.5;2.5;2.5;2.5;2.5;0.7
103;A_eli;m94;F;<1975;MULTI-FAMILY;184;172.8;96;172.8;96;43.2;24;43.2;24;160
103;a_sol;-;F;<1975;MULTI-FAMILY;0.6;0.6;0.6;0.6;0.6;0;0;0;0;0.6
103;fi_sky;W/m2K;F;<1975;MULTI-FAMILY;45.54;22.77;22.77;22.77;22.77;22.77;22.77;22.77;22.77;0
103;A_win;m94;F;<1975;MULTI-FAMILY;0;0;0;0;0;43.2;24;43.2;24;0
103;h_se,eli;W/m2K;F;<1975;MULTI-FAMILY;24.14;24.14;24.14;24.14;24.14;24.14;24.14;24.14;24.14;999
104;h_eli;W/m2K;F;<1975;APARTMENT-BLOCK;1.945977588;1.321210941;1.321210941;1.321210941;1.321210941;22.26939142;22.26939142;22.26939142;22.26939142;2.028705202
104;C_int,eli;J/m2K;F;<1975;APARTMENT-BLOCK;512000;982000;982000;982000;982000;0;0;0;0;1038305
104;h_ci,eli;W/m2K;F;<1975;APARTMENT-BLOCK;5;2.5;2.5;2.5;2.5;2.5;2.5;2.5;2.5;0.7
104;A_eli;m95;F;<1975;APARTMENT-BLOCK;276;403.2;144;403.2;144;100.8;36;100.8;36;240
104;a_sol;-;F;<1975;APARTMENT-BLOCK;0.6;0.6;0.6;0.6;0.6;0;0;0;0;0.6
104;fi_sky;W/m2K;F;<1975;APARTMENT-BLOCK;45.54;22.77;22.77;22.77;22.77;22.77;22.77;22.77;22.77;0
104;A_win;m95;F;<1975;APARTMENT-BLOCK;0;0;0;0;0;100.8;36;100.8;36;0
104;h_se,eli;W/m2K;F;<1975;APARTMENT-BLOCK;24.14;24.14;24.14;24.14;24.14;24.14;24.14;24.14;24.14;999
105;h_eli;W/m2K;F;1976-1990;SINGLE-FAMILY;1.136019656;0.763944939;0.763944939;0.763944939;0.763944939;7.142174538;7.142174538;7.142174538;7.142174538;1.594399301
105;C_int,eli;J/m2K;F;1976-1990;SINGLE-FAMILY;360732;400000;400000;400000;400000;0;0;0;0;938597.8
105;h_ci,eli;W/m2K;F;1976-1990;SINGLE-FAMILY;5;2.5;2.5;2.5;2.5;2.5;2.5;2.5;2.5;0.7
105;A_eli;m96;F;1976-1990;SINGLE-FAMILY;93.15;39.42;39.42;39.42;39.42;14.58;14.58;14.58;14.58;81
105;a_sol;-;F;1976-1990;SINGLE-FAMILY;0.6;0.6;0.6;0.6;0.6;0;0;0;0;0.6
105;fi_sky;W/m2K;F;1976-1990;SINGLE-FAMILY;45.54;22.77;22.77;22.77;22.77;22.77;22.77;22.77;22.77;0
105;A_win;m96;F;1976-1990;SINGLE-FAMILY;0;0;0;0;0;14.58;14.58;14.58;14.58;0
105;h_se,eli;W/m2K;F;1976-1990;SINGLE-FAMILY;24.14;24.14;24.14;24.14;24.14;24.14;24.14;24.14;24.14;999
106;h_eli;W/m2K;F;1976-1990;DOUBLE-FAMILY;1.136019656;0.763944939;0.763944939;0.763944939;0.763944939;7.142174538;7.142174538;7.142174538;7.142174538;1.594399301
106;C_int,eli;J/m2K;F;1976-1990;DOUBLE-FAMILY;360732;400000;400000;400000;400000;0;0;0;0;938597.8
106;h_ci,eli;W/m2K;F;1976-1990;DOUBLE-FAMILY;5;2.5;2.5;2.5;2.5;2.5;2.5;2.5;2.5;0.7
106;A_eli;m97;F;1976-1990;DOUBLE-FAMILY;139.15;48.18;48.18;48.18;48.18;17.82;17.82;17.82;17.82;121
106;a_sol;-;F;1976-1990;DOUBLE-FAMILY;0.6;0.6;0.6;0.6;0.6;0;0;0;0;0.6
106;fi_sky;W/m2K;F;1976-1990;DOUBLE-FAMILY;45.54;22.77;22.77;22.77;22.77;22.77;22.77;22.77;22.77;0
106;A_win;m97;F;1976-1990;DOUBLE-FAMILY;0;0;0;0;0;17.82;17.82;17.82;17.82;0
106;h_se,eli;W/m2K;F;1976-1990;DOUBLE-FAMILY;24.14;24.14;24.14;24.14;24.14;24.14;24.14;24.14;24.14;999
107;h_eli;W/m2K;F;1976-1990;MULTI-FAMILY;0.907363354;0.763944939;0.763944939;0.763944939;0.763944939;7.142174538;7.142174538;7.142174538;7.142174538;1.488884582
107;C_int,eli;J/m2K;F;1976-1990;MULTI-FAMILY;433098;400000;400000;400000;400000;0;0;0;0;938671
107;h_ci,eli;W/m2K;F;1976-1990;MULTI-FAMILY;5;2.5;2.5;2.5;2.5;2.5;2.5;2.5;2.5;0.7
107;A_eli;m98;F;1976-1990;MULTI-FAMILY;184;157.68;87.6;157.68;87.6;58.32;32.4;58.32;32.4;160
107;a_sol;-;F;1976-1990;MULTI-FAMILY;0.6;0.6;0.6;0.6;0.6;0;0;0;0;0.6
107;fi_sky;W/m2K;F;1976-1990;MULTI-FAMILY;45.54;22.77;22.77;22.77;22.77;22.77;22.77;22.77;22.77;0
107;A_win;m98;F;1976-1990;MULTI-FAMILY;0;0;0;0;0;58.32;32.4;58.32;32.4;0
107;h_se,eli;W/m2K;F;1976-1990;MULTI-FAMILY;24.14;24.14;24.14;24.14;24.14;24.14;24.14;24.14;24.14;999
108;h_eli;W/m2K;F;1976-1990;APARTMENT-BLOCK;0.907363354;0.763944939;0.763944939;0.763944939;0.763944939;7.142174538;7.142174538;7.142174538;7.142174538;1.488884582
108;C_int,eli;J/m2K;F;1976-1990;APARTMENT-BLOCK;433098;400000;400000;400000;400000;0;0;0;0;938671
108;h_ci,eli;W/m2K;F;1976-1990;APARTMENT-BLOCK;5;2.5;2.5;2.5;2.5;2.5;2.5;2.5;2.5;0.7
108;A_eli;m99;F;1976-1990;APARTMENT-BLOCK;276;367.92;131.4;367.92;131.4;136.08;48.6;136.08;48.6;240
108;a_sol;-;F;1976-1990;APARTMENT-BLOCK;0.6;0.6;0.6;0.6;0.6;0;0;0;0;0.6
108;fi_sky;W/m2K;F;1976-1990;APARTMENT-BLOCK;45.54;22.77;22.77;22.77;22.77;22.77;22.77;22.77;22.77;0
108;A_win;m99;F;1976-1990;APARTMENT-BLOCK;0;0;0;0;0;136.08;48.6;136.08;48.6;0
108;h_se,eli;W/m2K;F;1976-1990;APARTMENT-BLOCK;24.14;24.14;24.14;24.14;24.14;24.14;24.14;24.14;24.14;999
109;h_eli;W/m2K;F;1991-2005;SINGLE-FAMILY;0.8243763;0.700518828;0.700518828;0.700518828;0.700518828;7.142174538;7.142174538;7.142174538;7.142174538;0.948799362
109;C_int,eli;J/m2K;F;1991-2005;SINGLE-FAMILY;361281;360030.625;360030.625;360030.625;360030.625;0;0;0;0;519220
109;h_ci,eli;W/m2K;F;1991-2005;SINGLE-FAMILY;5;2.5;2.5;2.5;2.5;2.5;2.5;2.5;2.5;0.7
109;A_eli;m100;F;1991-2005;SINGLE-FAMILY;93.15;39.42;39.42;39.42;39.42;14.58;14.58;14.58;14.58;81
109;a_sol;-;F;1991-2005;SINGLE-FAMILY;0.6;0.6;0.6;0.6;0.6;0;0;0;0;0.6
109;fi_sky;W/m2K;F;1991-2005;SINGLE-FAMILY;45.54;22.77;22.77;22.77;22.77;22.77;22.77;22.77;22.77;0
109;A_win;m100;F;1991-2005;SINGLE-FAMILY;0;0;0;0;0;14.58;14.58;14.58;14.58;0
109;h_se,eli;W/m2K;F;1991-2005;SINGLE-FAMILY;24.14;24.14;24.14;24.14;24.14;24.14;24.14;24.14;24.14;999
110;h_eli;W/m2K;F;1991-2005;DOUBLE-FAMILY;0.8243763;0.700518828;0.700518828;0.700518828;0.700518828;7.142174538;7.142174538;7.142174538;7.142174538;0.948799362
110;C_int,eli;J/m2K;F;1991-2005;DOUBLE-FAMILY;361281;360030.625;360030.625;360030.625;360030.625;0;0;0;0;519220
110;h_ci,eli;W/m2K;F;1991-2005;DOUBLE-FAMILY;5;2.5;2.5;2.5;2.5;2.5;2.5;2.5;2.5;0.7
110;A_eli;m101;F;1991-2005;DOUBLE-FAMILY;139.15;48.18;48.18;48.18;48.18;17.82;17.82;17.82;17.82;121
110;a_sol;-;F;1991-2005;DOUBLE-FAMILY;0.6;0.6;0.6;0.6;0.6;0;0;0;0;0.6
110;fi_sky;W/m2K;F;1991-2005;DOUBLE-FAMILY;45.54;22.77;22.77;22.77;22.77;22.77;22.77;22.77;22.77;0
110;A_win;m101;F;1991-2005;DOUBLE-FAMILY;0;0;0;0;0;17.82;17.82;17.82;17.82;0
110;h_se,eli;W/m2K;F;1991-2005;DOUBLE-FAMILY;24.14;24.14;24.14;24.14;24.14;24.14;24.14;24.14;24.14;999
111;h_eli;W/m2K;F;1991-2005;MULTI-FAMILY;0.755294346;0.700518828;0.700518828;0.700518828;0.700518828;7.142174538;7.142174538;7.142174538;7.142174538;0.948799362
111;C_int,eli;J/m2K;F;1991-2005;MULTI-FAMILY;433464;360030.625;360030.625;360030.625;360030.625;0;0;0;0;519220
111;h_ci,eli;W/m2K;F;1991-2005;MULTI-FAMILY;5;2.5;2.5;2.5;2.5;2.5;2.5;2.5;2.5;0.7
111;A_eli;m102;F;1991-2005;MULTI-FAMILY;184;157.68;87.6;157.68;87.6;58.32;32.4;58.32;32.4;160
111;a_sol;-;F;1991-2005;MULTI-FAMILY;0.6;0.6;0.6;0.6;0.6;0;0;0;0;0.6
111;fi_sky;W/m2K;F;1991-2005;MULTI-FAMILY;45.54;22.77;22.77;22.77;22.77;22.77;22.77;22.77;22.77;0
111;A_win;m102;F;1991-2005;MULTI-FAMILY;0;0;0;0;0;58.32;32.4;58.32;32.4;0
111;h_se,eli;W/m2K;F;1991-2005;MULTI-FAMILY;24.14;24.14;24.14;24.14;24.14;24.14;24.14;24.14;24.14;999
112;h_eli;W/m2K;F;1991-2005;APARTMENT-BLOCK;0.755294346;0.700518828;0.700518828;0.700518828;0.700518828;7.142174538;7.142174538;7.142174538;7.142174538;0.948799362
112;C_int,eli;J/m2K;F;1991-2005;APARTMENT-BLOCK;433464;360030.625;360030.625;360030.625;360030.625;0;0;0;0;519220
112;h_ci,eli;W/m2K;F;1991-2005;APARTMENT-BLOCK;5;2.5;2.5;2.5;2.5;2.5;2.5;2.5;2.5;0.7
112;A_eli;m103;F;1991-2005;APARTMENT-BLOCK;276;367.92;131.4;367.92;131.4;136.08;48.6;136.08;48.6;240
112;a_sol;-;F;1991-2005;APARTMENT-BLOCK;0.6;0.6;0.6;0.6;0.6;0;0;0;0;0.6
112;fi_sky;W/m2K;F;1991-2005;APARTMENT-BLOCK;45.54;22.77;22.77;22.77;22.77;22.77;22.77;22.77;22.77;0
112;A_win;m103;F;1991-2005;APARTMENT-BLOCK;0;0;0;0;0;136.08;48.6;136.08;48.6;0
112;h_se,eli;W/m2K;F;1991-2005;APARTMENT-BLOCK;24.14;24.14;24.14;24.14;24.14;24.14;24.14;24.14;24.14;999
113;h_eli;W/m2K;F;2006-2011;SINGLE-FAMILY;0.318618793;0.372487168;0.372487168;0.372487168;0.372487168;3.545359607;3.545359607;3.545359607;3.545359607;0.361056466
113;C_int,eli;J/m2K;F;2006-2011;SINGLE-FAMILY;436392;414804;414804;414804;414804;0;0;0;0;861782
113;h_ci,eli;W/m2K;F;2006-2011;SINGLE-FAMILY;5;2.5;2.5;2.5;2.5;2.5;2.5;2.5;2.5;0.7
113;A_eli;m104;F;2006-2011;SINGLE-FAMILY;93.15;39.42;39.42;39.42;39.42;14.58;14.58;14.58;14.58;81
113;a_sol;-;F;2006-2011;SINGLE-FAMILY;0.6;0.6;0.6;0.6;0.6;0;0;0;0;0.6
113;fi_sky;W/m2K;F;2006-2011;SINGLE-FAMILY;45.54;22.77;22.77;22.77;22.77;22.77;22.77;22.77;22.77;0
113;A_win;m104;F;2006-2011;SINGLE-FAMILY;0;0;0;0;0;14.58;14.58;14.58;14.58;0
113;h_se,eli;W/m2K;F;2006-2011;SINGLE-FAMILY;24.14;24.14;24.14;24.14;24.14;24.14;24.14;24.14;24.14;999
114;h_eli;W/m2K;F;2006-2011;DOUBLE-FAMILY;0.318618793;0.372487168;0.372487168;0.372487168;0.372487168;3.545359607;3.545359607;3.545359607;3.545359607;0.361056466
114;C_int,eli;J/m2K;F;2006-2011;DOUBLE-FAMILY;436392;414804;414804;414804;414804;0;0;0;0;861782
114;h_ci,eli;W/m2K;F;2006-2011;DOUBLE-FAMILY;5;2.5;2.5;2.5;2.5;2.5;2.5;2.5;2.5;0.7
114;A_eli;m105;F;2006-2011;DOUBLE-FAMILY;139.15;48.18;48.18;48.18;48.18;17.82;17.82;17.82;17.82;121
114;a_sol;-;F;2006-2011;DOUBLE-FAMILY;0.6;0.6;0.6;0.6;0.6;0;0;0;0;0.6
114;fi_sky;W/m2K;F;2006-2011;DOUBLE-FAMILY;45.54;22.77;22.77;22.77;22.77;22.77;22.77;22.77;22.77;0
114;A_win;m105;F;2006-2011;DOUBLE-FAMILY;0;0;0;0;0;17.82;17.82;17.82;17.82;0
114;h_se,eli;W/m2K;F;2006-2011;DOUBLE-FAMILY;24.14;24.14;24.14;24.14;24.14;24.14;24.14;24.14;24.14;999
115;h_eli;W/m2K;F;2006-2011;MULTI-FAMILY;0.318618793;0.372487168;0.372487168;0.372487168;0.372487168;3.545359607;3.545359607;3.545359607;3.545359607;0.361056466
115;C_int,eli;J/m2K;F;2006-2011;MULTI-FAMILY;436392;414804;414804;414804;414804;0;0;0;0;861782
115;h_ci,eli;W/m2K;F;2006-2011;MULTI-FAMILY;5;2.5;2.5;2.5;2.5;2.5;2.5;2.5;2.5;0.7
115;A_eli;m106;F;2006-2011;MULTI-FAMILY;184;157.68;87.6;157.68;87.6;58.32;32.4;58.32;32.4;160
115;a_sol;-;F;2006-2011;MULTI-FAMILY;0.6;0.6;0.6;0.6;0.6;0;0;0;0;0.6
115;fi_sky;W/m2K;F;2006-2011;MULTI-FAMILY;45.54;22.77;22.77;22.77;22.77;22.77;22.77;22.77;22.77;0
115;A_win;m106;F;2006-2011;MULTI-FAMILY;0;0;0;0;0;58.32;32.4;58.32;32.4;0
115;h_se,eli;W/m2K;F;2006-2011;MULTI-FAMILY;24.14;24.14;24.14;24.14;24.14;24.14;24.14;24.14;24.14;999
116;h_eli;W/m2K;F;2006-2011;APARTMENT-BLOCK;0.318618793;0.372487168;0.372487168;0.372487168;0.372487168;3.545359607;3.545359607;3.545359607;3.545359607;0.361056466
116;C_int,eli;J/m2K;F;2006-2011;APARTMENT-BLOCK;436392;414804;414804;414804;414804;0;0;0;0;861782
116;h_ci,eli;W/m2K;F;2006-2011;APARTMENT-BLOCK;5;2.5;2.5;2.5;2.5;2.5;2.5;2.5;2.5;0.7
116;A_eli;m107;F;2006-2011;APARTMENT-BLOCK;276;367.92;131.4;367.92;131.4;136.08;48.6;136.08;48.6;240
116;a_sol;-;F;2006-2011;APARTMENT-BLOCK;0.6;0.6;0.6;0.6;0.6;0;0;0;0;0.6
116;fi_sky;W/m2K;F;2006-2011;APARTMENT-BLOCK;45.54;22.77;22.77;22.77;22.77;22.77;22.77;22.77;22.77;0
116;A_win;m107;F;2006-2011;APARTMENT-BLOCK;0;0;0;0;0;136.08;48.6;136.08;48.6;0
116;h_se,eli;W/m2K;F;2006-2011;APARTMENT-BLOCK;24.14;24.14;24.14;24.14;24.14;24.14;24.14;24.14;24.14;999
117;h_eli;W/m2K;F;NZEB;SINGLE-FAMILY;0.226998635;0.250364277;0.250364277;0.250364277;0.250364277;1.357581017;1.357581017;1.357581017;1.357581017;0.250304114
117;C_int,eli;J/m2K;F;NZEB;SINGLE-FAMILY;436392;414804;414804;414804;414804;0;0;0;0;861782
117;h_ci,eli;W/m2K;F;NZEB;SINGLE-FAMILY;5;2.5;2.5;2.5;2.5;2.5;2.5;2.5;2.5;0.7
117;A_eli;m108;F;NZEB;SINGLE-FAMILY;93.15;39.42;39.42;39.42;39.42;14.58;14.58;14.58;14.58;81
117;a_sol;-;F;NZEB;SINGLE-FAMILY;0.6;0.6;0.6;0.6;0.6;0;0;0;0;0.6
117;fi_sky;W/m2K;F;NZEB;SINGLE-FAMILY;45.54;22.77;22.77;22.77;22.77;22.77;22.77;22.77;22.77;0
117;A_win;m108;F;NZEB;SINGLE-FAMILY;0;0;0;0;0;14.58;14.58;14.58;14.58;0
117;h_se,eli;W/m2K;F;NZEB;SINGLE-FAMILY;24.14;24.14;24.14;24.14;24.14;24.14;24.14;24.14;24.14;999
118;h_eli;W/m2K;F;NZEB;DOUBLE-FAMILY;0.226998635;0.250364277;0.250364277;0.250364277;0.250364277;1.357581017;1.357581017;1.357581017;1.357581017;0.250304114
118;C_int,eli;J/m2K;F;NZEB;DOUBLE-FAMILY;436392;414804;414804;414804;414804;0;0;0;0;861782
118;h_ci,eli;W/m2K;F;NZEB;DOUBLE-FAMILY;5;2.5;2.5;2.5;2.5;2.5;2.5;2.5;2.5;0.7
118;A_eli;m109;F;NZEB;DOUBLE-FAMILY;139.15;48.18;48.18;48.18;48.18;17.82;17.82;17.82;17.82;121
118;a_sol;-;F;NZEB;DOUBLE-FAMILY;0.6;0.6;0.6;0.6;0.6;0;0;0;0;0.6
118;fi_sky;W/m2K;F;NZEB;DOUBLE-FAMILY;45.54;22.77;22.77;22.77;22.77;22.77;22.77;22.77;22.77;0
118;A_win;m109;F;NZEB;DOUBLE-FAMILY;0;0;0;0;0;17.82;17.82;17.82;17.82;0
118;h_se,eli;W/m2K;F;NZEB;DOUBLE-FAMILY;24.14;24.14;24.14;24.14;24.14;24.14;24.14;24.14;24.14;999
119;h_eli;W/m2K;F;NZEB;MULTI-FAMILY;0.226998635;0.250364277;0.250364277;0.250364277;0.250364277;1.357581017;1.357581017;1.357581017;1.357581017;0.250304114
119;C_int,eli;J/m2K;F;NZEB;MULTI-FAMILY;436392;414804;414804;414804;414804;0;0;0;0;861782
119;h_ci,eli;W/m2K;F;NZEB;MULTI-FAMILY;5;2.5;2.5;2.5;2.5;2.5;2.5;2.5;2.5;0.7
119;A_eli;m110;F;NZEB;MULTI-FAMILY;184;157.68;87.6;157.68;87.6;58.32;32.4;58.32;32.4;160
119;a_sol;-;F;NZEB;MULTI-FAMILY;0.6;0.6;0.6;0.6;0.6;0;0;0;0;0.6
119;fi_sky;W/m2K;F;NZEB;MULTI-FAMILY;45.54;22.77;22.77;22.77;22.77;22.77;22.77;22.77;22.77;0
119;A_win;m110;F;NZEB;MULTI-FAMILY;0;0;0;0;0;58.32;32.4;58.32;32.4;0
119;h_se,eli;W/m2K;F;NZEB;MULTI-FAMILY;24.14;24.14;24.14;24.14;24.14;24.14;24.14;24.14;24.14;999
120;h_eli;W/m2K;F;NZEB;APARTMENT-BLOCK;0.226998635;0.250364277;0.250364277;0.250364277;0.250364277;1.357581017;1.357581017;1.357581017;1.357581017;0.250304114
120;C_int,eli;J/m2K;F;NZEB;APARTMENT-BLOCK;436392;414804;414804;414804;414804;0;0;0;0;861782
120;h_ci,eli;W/m2K;F;NZEB;APARTMENT-BLOCK;5;2.5;2.5;2.5;2.5;2.5;2.5;2.5;2.5;0.7
120;A_eli;m111;F;NZEB;APARTMENT-BLOCK;276;367.92;131.4;367.92;131.4;136.08;48.6;136.08;48.6;240
120;a_sol;-;F;NZEB;APARTMENT-BLOCK;0.6;0.6;0.6;0.6;0.6;0;0;0;0;0.6
120;fi_sky;W/m2K;F;NZEB;APARTMENT-BLOCK;45.54;22.77;22.77;22.77;22.77;22.77;22.77;22.77;22.77;0
120;A_win;m111;F;NZEB;APARTMENT-BLOCK;0;0;0;0;0;136.08;48.6;136.08;48.6;0
120;h_se,eli;W/m2K;F;NZEB;APARTMENT-BLOCK;24.14;24.14;24.14;24.14;24.14;24.14;24.14;24.14;24.14;999
